text,overall,sentiment,tweet_length,tokens,clean_text
 Enjoying a beautiful day at the park!              ,1,Positive,52,"['enjoying', 'a', 'beautiful', 'day', 'at', 'the', 'park']", enjoying a beautiful day at the park              
 Traffic was terrible this morning.                 ,0,Negative,52,"['traffic', 'was', 'terrible', 'this', 'morning']", traffic was terrible this morning                 
 Just finished an amazing workout! 💪               ,1,Positive,51,"['just', 'finished', 'an', 'amazing', 'workout']", just finished an amazing workout                
 Excited about the upcoming weekend getaway!        ,1,Positive,52,"['excited', 'about', 'the', 'upcoming', 'weekend', 'getaway']", excited about the upcoming weekend getaway        
 Feeling grateful for the little things in life.    ,1,Positive,52,"['feeling', 'grateful', 'for', 'the', 'little', 'things', 'in', 'life']", feeling grateful for the little things in life    
 Rainy days call for cozy blankets and hot cocoa.   ,1,Positive,52,"['rainy', 'days', 'call', 'for', 'cozy', 'blankets', 'and', 'hot', 'cocoa']", rainy days call for cozy blankets and hot cocoa   
 The new movie release is a must-watch!             ,1,Positive,52,"['the', 'new', 'movie', 'release', 'is', 'a', 'mustwatch']", the new movie release is a mustwatch             
 Political discussions heating up on the timeline.  ,0,Negative,52,"['political', 'discussions', 'heating', 'up', 'on', 'the', 'timeline']", political discussions heating up on the timeline  
 Just published a new blog post. Check it out!      ,1,Positive,52,"['just', 'published', 'a', 'new', 'blog', 'post', 'check', 'it', 'out']", just published a new blog post check it out      
 Feeling a bit under the weather today.             ,0,Negative,52,"['feeling', 'a', 'bit', 'under', 'the', 'weather', 'today']", feeling a bit under the weather today             
 Exploring the city's hidden gems.                  ,1,Positive,52,"['exploring', 'the', 'citys', 'hidden', 'gems']", exploring the citys hidden gems                  
" New year, new fitness goals! 💪                    ",1,Positive,51,"['new', 'year', 'new', 'fitness', 'goals']", new year new fitness goals                     
 Reflecting on the past and looking ahead.          ,1,Positive,52,"['reflecting', 'on', 'the', 'past', 'and', 'looking', 'ahead']", reflecting on the past and looking ahead          
 Just adopted a cute furry friend! 🐾              ,1,Positive,50,"['just', 'adopted', 'a', 'cute', 'furry', 'friend']", just adopted a cute furry friend               
 Late-night gaming session with friends.            ,1,Positive,52,"['latenight', 'gaming', 'session', 'with', 'friends']", latenight gaming session with friends            
 Winter blues got me feeling low.                   ,0,Negative,52,"['winter', 'blues', 'got', 'me', 'feeling', 'low']", winter blues got me feeling low                   
 Sipping coffee and enjoying a good book.           ,1,Positive,52,"['sipping', 'coffee', 'and', 'enjoying', 'a', 'good', 'book']", sipping coffee and enjoying a good book           
 Exploring the world of virtual reality.            ,1,Positive,52,"['exploring', 'the', 'world', 'of', 'virtual', 'reality']", exploring the world of virtual reality            
 Productive day ticking off my to-do list.          ,1,Positive,52,"['productive', 'day', 'ticking', 'off', 'my', 'todo', 'list']", productive day ticking off my todo list          
 Just finished a challenging workout routine.       ,1,Positive,52,"['just', 'finished', 'a', 'challenging', 'workout', 'routine']", just finished a challenging workout routine       
 Celebrating a milestone at work! 🎉               ,1,Positive,50,"['celebrating', 'a', 'milestone', 'at', 'work']", celebrating a milestone at work                
 Sunday brunch with friends.                        ,1,Positive,52,"['sunday', 'brunch', 'with', 'friends']", sunday brunch with friends                        
 Learning a new language for personal growth.       ,1,Positive,52,"['learning', 'a', 'new', 'language', 'for', 'personal', 'growth']", learning a new language for personal growth       
 Quiet evening with a good book.                    ,1,Positive,52,"['quiet', 'evening', 'with', 'a', 'good', 'book']", quiet evening with a good book                    
 Reflecting on the importance of mental health.     ,1,Positive,52,"['reflecting', 'on', 'the', 'importance', 'of', 'mental', 'health']", reflecting on the importance of mental health     
 New painting in progress! 🎨                       ,1,Positive,51,"['new', 'painting', 'in', 'progress']", new painting in progress                        
 Weekend road trip to explore scenic views.         ,1,Positive,52,"['weekend', 'road', 'trip', 'to', 'explore', 'scenic', 'views']", weekend road trip to explore scenic views         
 Enjoying a cup of tea and watching the sunset.     ,1,Positive,52,"['enjoying', 'a', 'cup', 'of', 'tea', 'and', 'watching', 'the', 'sunset']", enjoying a cup of tea and watching the sunset     
 Coding a new project with enthusiasm.              ,1,Positive,52,"['coding', 'a', 'new', 'project', 'with', 'enthusiasm']", coding a new project with enthusiasm              
 Feeling inspired after attending a workshop.       ,1,Positive,52,"['feeling', 'inspired', 'after', 'attending', 'a', 'workshop']", feeling inspired after attending a workshop       
 Winter sports day at the local park.               ,1,Positive,52,"['winter', 'sports', 'day', 'at', 'the', 'local', 'park']", winter sports day at the local park               
 Quality time with family this weekend.             ,1,Positive,52,"['quality', 'time', 'with', 'family', 'this', 'weekend']", quality time with family this weekend             
 Attending a live music concert tonight.            ,1,Positive,52,"['attending', 'a', 'live', 'music', 'concert', 'tonight']", attending a live music concert tonight            
 Practicing mindfulness with meditation.            ,1,Positive,52,"['practicing', 'mindfulness', 'with', 'meditation']", practicing mindfulness with meditation            
 Trying out a new dessert recipe.                   ,1,Positive,52,"['trying', 'out', 'a', 'new', 'dessert', 'recipe']", trying out a new dessert recipe                   
 Excited about the upcoming gaming tournament.      ,1,Positive,52,"['excited', 'about', 'the', 'upcoming', 'gaming', 'tournament']", excited about the upcoming gaming tournament      
 Planning a garden makeover for spring.             ,1,Positive,52,"['planning', 'a', 'garden', 'makeover', 'for', 'spring']", planning a garden makeover for spring             
 Celebrating a friend's birthday tonight! 🎂       ,1,Positive,50,"['celebrating', 'a', 'friends', 'birthday', 'tonight']", celebrating a friends birthday tonight        
 Feeling accomplished after a productive day.       ,1,Positive,52,"['feeling', 'accomplished', 'after', 'a', 'productive', 'day']", feeling accomplished after a productive day       
 A cozy evening with a good movie.                 ,1,Positive,51,"['a', 'cozy', 'evening', 'with', 'a', 'good', 'movie']", a cozy evening with a good movie                 
 Exploring local art galleries this weekend.        ,1,Positive,52,"['exploring', 'local', 'art', 'galleries', 'this', 'weekend']", exploring local art galleries this weekend        
 New book release from my favorite author!          ,1,Positive,52,"['new', 'book', 'release', 'from', 'my', 'favorite', 'author']", new book release from my favorite author          
 Attending a virtual reality meetup.                ,1,Positive,52,"['attending', 'a', 'virtual', 'reality', 'meetup']", attending a virtual reality meetup                
 Reflecting on the beauty of nature.                ,1,Positive,52,"['reflecting', 'on', 'the', 'beauty', 'of', 'nature']", reflecting on the beauty of nature                
 Cooking a special dinner for loved ones.           ,1,Positive,52,"['cooking', 'a', 'special', 'dinner', 'for', 'loved', 'ones']", cooking a special dinner for loved ones           
 Feeling optimistic about the week ahead.           ,1,Positive,52,"['feeling', 'optimistic', 'about', 'the', 'week', 'ahead']", feeling optimistic about the week ahead           
 Starting a new fitness challenge tomorrow! 💪     ,1,Positive,50,"['starting', 'a', 'new', 'fitness', 'challenge', 'tomorrow']", starting a new fitness challenge tomorrow      
 Sunday bike ride through scenic trails.           ,1,Positive,51,"['sunday', 'bike', 'ride', 'through', 'scenic', 'trails']", sunday bike ride through scenic trails           
 Can't believe the injustice happening in our society.,0,Negative,54,"['cant', 'believe', 'the', 'injustice', 'happening', 'in', 'our', 'society']", cant believe the injustice happening in our society
 Feeling a sense of fear after watching a thriller movie. ,0,Negative,58,"['feeling', 'a', 'sense', 'of', 'fear', 'after', 'watching', 'a', 'thriller', 'movie']", feeling a sense of fear after watching a thriller movie 
 Heartbroken after hearing the news about a natural disaster. ,0,Negative,62,"['heartbroken', 'after', 'hearing', 'the', 'news', 'about', 'a', 'natural', 'disaster']", heartbroken after hearing the news about a natural disaster 
 The state of the world's environment is just disgusting. ,0,Negative,58,"['the', 'state', 'of', 'the', 'worlds', 'environment', 'is', 'just', 'disgusting']", the state of the worlds environment is just disgusting 
 Pure happiness: celebrating a loved one's achievement! ,1,Positive,56,"['pure', 'happiness', 'celebrating', 'a', 'loved', 'ones', 'achievement']", pure happiness celebrating a loved ones achievement 
 Laughter is the best medicine—enjoying a comedy show. ,1,Positive,55,"['laughter', 'is', 'the', 'best', 'medicineenjoying', 'a', 'comedy', 'show']", laughter is the best medicineenjoying a comedy show 
 Sharing love and positive vibes with everyone! ❤️      ,1,Positive,56,"['sharing', 'love', 'and', 'positive', 'vibes', 'with', 'everyone']", sharing love and positive vibes with everyone       
 Enjoying a quiet evening with a book and some tea.      ,1,Positive,57,"['enjoying', 'a', 'quiet', 'evening', 'with', 'a', 'book', 'and', 'some', 'tea']", enjoying a quiet evening with a book and some tea      
 Admiring the beauty of nature during a peaceful hike.   ,1,Positive,57,"['admiring', 'the', 'beauty', 'of', 'nature', 'during', 'a', 'peaceful', 'hike']", admiring the beauty of nature during a peaceful hike   
 Sending affectionate vibes to all my followers!          ,1,Positive,58,"['sending', 'affectionate', 'vibes', 'to', 'all', 'my', 'followers']", sending affectionate vibes to all my followers          
 Experiencing awe at the breathtaking sunset.            ,1,Positive,57,"['experiencing', 'awe', 'at', 'the', 'breathtaking', 'sunset']", experiencing awe at the breathtaking sunset            
 Disappointed with the service at a local restaurant.    ,0,Negative,57,"['disappointed', 'with', 'the', 'service', 'at', 'a', 'local', 'restaurant']", disappointed with the service at a local restaurant    
 Finding acceptance in the midst of life's challenges.   ,1,Positive,57,"['finding', 'acceptance', 'in', 'the', 'midst', 'of', 'lifes', 'challenges']", finding acceptance in the midst of lifes challenges   
 Overflowing with adoration for my adorable pet! 🐾      ,1,Positive,56,"['overflowing', 'with', 'adoration', 'for', 'my', 'adorable', 'pet']", overflowing with adoration for my adorable pet       
 Anticipating a thrilling adventure in the coming weeks. ,1,Positive,57,"['anticipating', 'a', 'thrilling', 'adventure', 'in', 'the', 'coming', 'weeks']", anticipating a thrilling adventure in the coming weeks 
 Finding calmness in the midst of a busy day.            ,1,Positive,57,"['finding', 'calmness', 'in', 'the', 'midst', 'of', 'a', 'busy', 'day']", finding calmness in the midst of a busy day            
 Excitement building up for the upcoming vacation!       ,1,Positive,57,"['excitement', 'building', 'up', 'for', 'the', 'upcoming', 'vacation']", excitement building up for the upcoming vacation       
 Kindness witnessed today restored my faith in humanity. ,1,Positive,57,"['kindness', 'witnessed', 'today', 'restored', 'my', 'faith', 'in', 'humanity']", kindness witnessed today restored my faith in humanity 
 Pride in achieving a personal milestone.               ,1,Positive,56,"['pride', 'in', 'achieving', 'a', 'personal', 'milestone']", pride in achieving a personal milestone               
 A moment of shame for not standing up against injustice. ,0,Negative,58,"['a', 'moment', 'of', 'shame', 'for', 'not', 'standing', 'up', 'against', 'injustice']", a moment of shame for not standing up against injustice 
 Fuming with anger after a heated argument.            ,0,Negative,55,"['fuming', 'with', 'anger', 'after', 'a', 'heated', 'argument']", fuming with anger after a heated argument            
 The fear of the unknown is keeping me up at night.    ,0,Negative,55,"['the', 'fear', 'of', 'the', 'unknown', 'is', 'keeping', 'me', 'up', 'at', 'night']", the fear of the unknown is keeping me up at night    
 Heartfelt sadness after bidding farewell to a dear friend. ,0,Negative,60,"['heartfelt', 'sadness', 'after', 'bidding', 'farewell', 'to', 'a', 'dear', 'friend']", heartfelt sadness after bidding farewell to a dear friend 
 The state of corruption in our society is utterly disgusting. ,0,Negative,63,"['the', 'state', 'of', 'corruption', 'in', 'our', 'society', 'is', 'utterly', 'disgusting']", the state of corruption in our society is utterly disgusting 
 Overflowing happiness: welcoming a new family member!  ,1,Positive,56,"['overflowing', 'happiness', 'welcoming', 'a', 'new', 'family', 'member']", overflowing happiness welcoming a new family member  
 Laughter is the key to joy—attending a stand-up comedy show. ,1,Positive,62,"['laughter', 'is', 'the', 'key', 'to', 'joyattending', 'a', 'standup', 'comedy', 'show']", laughter is the key to joyattending a standup comedy show 
 Sending love to all my followers on this beautiful day! ❤️ ,1,Positive,60,"['sending', 'love', 'to', 'all', 'my', 'followers', 'on', 'this', 'beautiful', 'day']", sending love to all my followers on this beautiful day  
 Enjoying every moment of this trip—pure enjoyment!      ,1,Positive,57,"['enjoying', 'every', 'moment', 'of', 'this', 'trippure', 'enjoyment']", enjoying every moment of this trippure enjoyment      
 Admiring the dedication of volunteers at a local charity. ,1,Positive,59,"['admiring', 'the', 'dedication', 'of', 'volunteers', 'at', 'a', 'local', 'charity']", admiring the dedication of volunteers at a local charity 
 Sending affectionate vibes to friends and family.        ,1,Positive,58,"['sending', 'affectionate', 'vibes', 'to', 'friends', 'and', 'family']", sending affectionate vibes to friends and family        
 Awe-struck by the beauty of the night sky.               ,1,Positive,58,"['awestruck', 'by', 'the', 'beauty', 'of', 'the', 'night', 'sky']", awestruck by the beauty of the night sky               
 Disappointed with the lack of progress in a personal project. ,0,Negative,63,"['disappointed', 'with', 'the', 'lack', 'of', 'progress', 'in', 'a', 'personal', 'project']", disappointed with the lack of progress in a personal project 
 Embracing acceptance of life's ups and downs.           ,1,Positive,57,"['embracing', 'acceptance', 'of', 'lifes', 'ups', 'and', 'downs']", embracing acceptance of lifes ups and downs           
 Overflowing adoration for a cute rescue puppy! 🐶       ,1,Positive,56,"['overflowing', 'adoration', 'for', 'a', 'cute', 'rescue', 'puppy']", overflowing adoration for a cute rescue puppy        
 Anticipating the release of a much-awaited movie.       ,1,Positive,57,"['anticipating', 'the', 'release', 'of', 'a', 'muchawaited', 'movie']", anticipating the release of a muchawaited movie       
 Finding calmness amidst the chaos of daily life.        ,1,Positive,57,"['finding', 'calmness', 'amidst', 'the', 'chaos', 'of', 'daily', 'life']", finding calmness amidst the chaos of daily life        
 Excitement building up for a surprise birthday party.   ,1,Positive,57,"['excitement', 'building', 'up', 'for', 'a', 'surprise', 'birthday', 'party']", excitement building up for a surprise birthday party   
 Witnessed an act of kindness that made my day.          ,1,Positive,57,"['witnessed', 'an', 'act', 'of', 'kindness', 'that', 'made', 'my', 'day']", witnessed an act of kindness that made my day          
 Pride in completing a challenging fitness challenge.    ,1,Positive,57,"['pride', 'in', 'completing', 'a', 'challenging', 'fitness', 'challenge']", pride in completing a challenging fitness challenge    
 A moment of shame for not speaking up against injustice.,0,Negative,57,"['a', 'moment', 'of', 'shame', 'for', 'not', 'speaking', 'up', 'against', 'injustice']", a moment of shame for not speaking up against injustice
 Reflecting on the beauty of diversity in our world.     ,1,Positive,57,"['reflecting', 'on', 'the', 'beauty', 'of', 'diversity', 'in', 'our', 'world']", reflecting on the beauty of diversity in our world     
 Excitement for a quiet evening with a good book.        ,1,Positive,57,"['excitement', 'for', 'a', 'quiet', 'evening', 'with', 'a', 'good', 'book']", excitement for a quiet evening with a good book        
 Calmness prevails as I practice mindfulness.            ,1,Positive,57,"['calmness', 'prevails', 'as', 'i', 'practice', 'mindfulness']", calmness prevails as i practice mindfulness            
 Excitement for a weekend road trip to explore new places. ,1,Positive,59,"['excitement', 'for', 'a', 'weekend', 'road', 'trip', 'to', 'explore', 'new', 'places']", excitement for a weekend road trip to explore new places 
 Kindness witnessed today restores my faith in humanity.  ,1,Positive,58,"['kindness', 'witnessed', 'today', 'restores', 'my', 'faith', 'in', 'humanity']", kindness witnessed today restores my faith in humanity  
 Pride in accomplishing personal and professional goals.  ,1,Positive,58,"['pride', 'in', 'accomplishing', 'personal', 'and', 'professional', 'goals']", pride in accomplishing personal and professional goals  
 Shame for not being true to my values in a difficult situation.,0,Negative,64,"['shame', 'for', 'not', 'being', 'true', 'to', 'my', 'values', 'in', 'a', 'difficult', 'situation']", shame for not being true to my values in a difficult situation
" Revisiting old memories, feeling a sense of elation. ",1,Positive,54,"['revisiting', 'old', 'memories', 'feeling', 'a', 'sense', 'of', 'elation']", revisiting old memories feeling a sense of elation 
 The victory of our team brought euphoria to the city. ,1,Positive,55,"['the', 'victory', 'of', 'our', 'team', 'brought', 'euphoria', 'to', 'the', 'city']", the victory of our team brought euphoria to the city 
" Embracing the beauty of nature, a moment of contentment. ",1,Positive,58,"['embracing', 'the', 'beauty', 'of', 'nature', 'a', 'moment', 'of', 'contentment']", embracing the beauty of nature a moment of contentment 
" Meditating by the serene lake, finding inner peace.   ",1,Positive,55,"['meditating', 'by', 'the', 'serene', 'lake', 'finding', 'inner', 'peace']", meditating by the serene lake finding inner peace   
 Overflowing with gratitude for life's blessings.      ,1,Positive,55,"['overflowing', 'with', 'gratitude', 'for', 'lifes', 'blessings']", overflowing with gratitude for lifes blessings      
" Hopeful for a brighter tomorrow, despite challenges.  ",1,Positive,55,"['hopeful', 'for', 'a', 'brighter', 'tomorrow', 'despite', 'challenges']", hopeful for a brighter tomorrow despite challenges  
 Empowered to make a difference in my community.        ,1,Positive,56,"['empowered', 'to', 'make', 'a', 'difference', 'in', 'my', 'community']", empowered to make a difference in my community        
 Compassion in action: supporting a local charity event. ,1,Positive,57,"['compassion', 'in', 'action', 'supporting', 'a', 'local', 'charity', 'event']", compassion in action supporting a local charity event 
" A moment of tenderness, connecting with loved ones.    ",1,Positive,56,"['a', 'moment', 'of', 'tenderness', 'connecting', 'with', 'loved', 'ones']", a moment of tenderness connecting with loved ones    
 Enthusiastically diving into a new project.            ,1,Positive,56,"['enthusiastically', 'diving', 'into', 'a', 'new', 'project']", enthusiastically diving into a new project            
 Feeling a sense of fulfillment after reaching a milestone.,1,Positive,59,"['feeling', 'a', 'sense', 'of', 'fulfillment', 'after', 'reaching', 'a', 'milestone']", feeling a sense of fulfillment after reaching a milestone
 Reverence for the beauty of a historic landmark.       ,1,Positive,56,"['reverence', 'for', 'the', 'beauty', 'of', 'a', 'historic', 'landmark']", reverence for the beauty of a historic landmark       
 Elation after a surprise reunion with old friends.    ,1,Positive,55,"['elation', 'after', 'a', 'surprise', 'reunion', 'with', 'old', 'friends']", elation after a surprise reunion with old friends    
 The euphoria of a live music concert under the stars.  ,1,Positive,56,"['the', 'euphoria', 'of', 'a', 'live', 'music', 'concert', 'under', 'the', 'stars']", the euphoria of a live music concert under the stars  
 Contentment in the simplicity of a quiet Sunday.       ,1,Positive,56,"['contentment', 'in', 'the', 'simplicity', 'of', 'a', 'quiet', 'sunday']", contentment in the simplicity of a quiet sunday       
 Serenity found in the pages of a favorite book.        ,1,Positive,56,"['serenity', 'found', 'in', 'the', 'pages', 'of', 'a', 'favorite', 'book']", serenity found in the pages of a favorite book        
 Gratitude for the support received during tough times. ,1,Positive,56,"['gratitude', 'for', 'the', 'support', 'received', 'during', 'tough', 'times']", gratitude for the support received during tough times 
 Hopeful about the possibilities of a new journey.      ,1,Positive,56,"['hopeful', 'about', 'the', 'possibilities', 'of', 'a', 'new', 'journey']", hopeful about the possibilities of a new journey      
 Empowerment through learning and personal growth.      ,1,Positive,56,"['empowerment', 'through', 'learning', 'and', 'personal', 'growth']", empowerment through learning and personal growth      
 Compassion towards those in need during the holidays.  ,1,Positive,56,"['compassion', 'towards', 'those', 'in', 'need', 'during', 'the', 'holidays']", compassion towards those in need during the holidays  
 Tenderness in the warmth of a cozy winter evening.     ,1,Positive,56,"['tenderness', 'in', 'the', 'warmth', 'of', 'a', 'cozy', 'winter', 'evening']", tenderness in the warmth of a cozy winter evening     
 Enthusiasm for a creative project in the making.       ,1,Positive,56,"['enthusiasm', 'for', 'a', 'creative', 'project', 'in', 'the', 'making']", enthusiasm for a creative project in the making       
 Fulfillment in completing a challenging workout routine.,1,Positive,57,"['fulfillment', 'in', 'completing', 'a', 'challenging', 'workout', 'routine']", fulfillment in completing a challenging workout routine
 Reverence for the artistry displayed in a museum.      ,1,Positive,56,"['reverence', 'for', 'the', 'artistry', 'displayed', 'in', 'a', 'museum']", reverence for the artistry displayed in a museum      
 Elation after achieving a personal goal.               ,1,Positive,56,"['elation', 'after', 'achieving', 'a', 'personal', 'goal']", elation after achieving a personal goal               
 Elation over discovering a hidden gem in the city.   ,1,Positive,54,"['elation', 'over', 'discovering', 'a', 'hidden', 'gem', 'in', 'the', 'city']", elation over discovering a hidden gem in the city   
 The euphoria of a surprise birthday celebration.     ,1,Positive,54,"['the', 'euphoria', 'of', 'a', 'surprise', 'birthday', 'celebration']", the euphoria of a surprise birthday celebration     
 Contentment in the simplicity of a home-cooked meal. ,1,Positive,54,"['contentment', 'in', 'the', 'simplicity', 'of', 'a', 'homecooked', 'meal']", contentment in the simplicity of a homecooked meal 
 Serenity found in the melody of a peaceful piano.    ,1,Positive,54,"['serenity', 'found', 'in', 'the', 'melody', 'of', 'a', 'peaceful', 'piano']", serenity found in the melody of a peaceful piano    
 Gratitude for the supportive community around me.    ,1,Positive,54,"['gratitude', 'for', 'the', 'supportive', 'community', 'around', 'me']", gratitude for the supportive community around me    
 Hopeful about the prospects of a new business venture.,1,Positive,55,"['hopeful', 'about', 'the', 'prospects', 'of', 'a', 'new', 'business', 'venture']", hopeful about the prospects of a new business venture
 Empowerment through mentoring and guiding others.    ,1,Positive,54,"['empowerment', 'through', 'mentoring', 'and', 'guiding', 'others']", empowerment through mentoring and guiding others    
 Compassion shown through acts of kindness in the community.,1,Positive,60,"['compassion', 'shown', 'through', 'acts', 'of', 'kindness', 'in', 'the', 'community']", compassion shown through acts of kindness in the community
 Tenderness in a heartfelt message to a loved one.    ,1,Positive,54,"['tenderness', 'in', 'a', 'heartfelt', 'message', 'to', 'a', 'loved', 'one']", tenderness in a heartfelt message to a loved one    
 Enthusiasm for a new artistic project in the works.  ,1,Positive,54,"['enthusiasm', 'for', 'a', 'new', 'artistic', 'project', 'in', 'the', 'works']", enthusiasm for a new artistic project in the works  
 Feeling a sense of fulfillment after helping others. ,1,Positive,54,"['feeling', 'a', 'sense', 'of', 'fulfillment', 'after', 'helping', 'others']", feeling a sense of fulfillment after helping others 
 Reverence for the historical significance of a landmark.,1,Positive,57,"['reverence', 'for', 'the', 'historical', 'significance', 'of', 'a', 'landmark']", reverence for the historical significance of a landmark
 Elation after achieving a fitness milestone.         ,1,Positive,54,"['elation', 'after', 'achieving', 'a', 'fitness', 'milestone']", elation after achieving a fitness milestone         
 The euphoria of a successful product launch.         ,1,Positive,54,"['the', 'euphoria', 'of', 'a', 'successful', 'product', 'launch']", the euphoria of a successful product launch         
 Contentment in the embrace of a loved one.           ,1,Positive,54,"['contentment', 'in', 'the', 'embrace', 'of', 'a', 'loved', 'one']", contentment in the embrace of a loved one           
 Serenity found in the beauty of a sunset by the sea.  ,1,Positive,55,"['serenity', 'found', 'in', 'the', 'beauty', 'of', 'a', 'sunset', 'by', 'the', 'sea']", serenity found in the beauty of a sunset by the sea  
 Gratitude for the small joys that each day brings.   ,1,Positive,54,"['gratitude', 'for', 'the', 'small', 'joys', 'that', 'each', 'day', 'brings']", gratitude for the small joys that each day brings   
 Hopeful about the potential for personal growth.      ,1,Positive,55,"['hopeful', 'about', 'the', 'potential', 'for', 'personal', 'growth']", hopeful about the potential for personal growth      
 Empowerment through learning a new skill.            ,1,Positive,54,"['empowerment', 'through', 'learning', 'a', 'new', 'skill']", empowerment through learning a new skill            
 Compassion in volunteering for a local charity.       ,1,Positive,55,"['compassion', 'in', 'volunteering', 'for', 'a', 'local', 'charity']", compassion in volunteering for a local charity       
 Tenderness in a quiet moment shared with a pet.      ,1,Positive,54,"['tenderness', 'in', 'a', 'quiet', 'moment', 'shared', 'with', 'a', 'pet']", tenderness in a quiet moment shared with a pet      
 Enthusiasm for a DIY home improvement project.       ,1,Positive,54,"['enthusiasm', 'for', 'a', 'diy', 'home', 'improvement', 'project']", enthusiasm for a diy home improvement project       
 Fulfillment in completing a challenging puzzle.      ,1,Positive,54,"['fulfillment', 'in', 'completing', 'a', 'challenging', 'puzzle']", fulfillment in completing a challenging puzzle      
 Reverence for the wonders of nature on a hiking trail.,1,Positive,55,"['reverence', 'for', 'the', 'wonders', 'of', 'nature', 'on', 'a', 'hiking', 'trail']", reverence for the wonders of nature on a hiking trail
 Elation after a surprise reunion with a childhood friend.,1,Positive,58,"['elation', 'after', 'a', 'surprise', 'reunion', 'with', 'a', 'childhood', 'friend']", elation after a surprise reunion with a childhood friend
 Suffering from despair after another setback.      ,0,Negative,52,"['suffering', 'from', 'despair', 'after', 'another', 'setback']", suffering from despair after another setback      
" Overwhelmed by grief, missing a loved one dearly.  ",0,Negative,52,"['overwhelmed', 'by', 'grief', 'missing', 'a', 'loved', 'one', 'dearly']", overwhelmed by grief missing a loved one dearly  
 Loneliness creeps in as the night grows colder.    ,0,Negative,52,"['loneliness', 'creeps', 'in', 'as', 'the', 'night', 'grows', 'colder']", loneliness creeps in as the night grows colder    
 Jealousy consumes me as I witness others' success. ,0,Negative,52,"['jealousy', 'consumes', 'me', 'as', 'i', 'witness', 'others', 'success']", jealousy consumes me as i witness others success 
 Resentment building up over past betrayals.        ,0,Negative,52,"['resentment', 'building', 'up', 'over', 'past', 'betrayals']", resentment building up over past betrayals        
 Frustration mounts as obstacles block my path.     ,0,Negative,52,"['frustration', 'mounts', 'as', 'obstacles', 'block', 'my', 'path']", frustration mounts as obstacles block my path     
" Boredom sets in, the day feels endlessly dull.     ",0,Negative,52,"['boredom', 'sets', 'in', 'the', 'day', 'feels', 'endlessly', 'dull']", boredom sets in the day feels endlessly dull     
" Anxiety grips my heart, worry clouds my thoughts.  ",0,Negative,52,"['anxiety', 'grips', 'my', 'heart', 'worry', 'clouds', 'my', 'thoughts']", anxiety grips my heart worry clouds my thoughts  
 Intimidation by the unknown future ahead.          ,0,Negative,52,"['intimidation', 'by', 'the', 'unknown', 'future', 'ahead']", intimidation by the unknown future ahead          
 Helplessness sinks in as challenges pile up.       ,0,Negative,52,"['helplessness', 'sinks', 'in', 'as', 'challenges', 'pile', 'up']", helplessness sinks in as challenges pile up       
 Envy eats away at me as I see others' prosperity.  ,0,Negative,52,"['envy', 'eats', 'away', 'at', 'me', 'as', 'i', 'see', 'others', 'prosperity']", envy eats away at me as i see others prosperity  
 Regret over missed opportunities haunts my thoughts.,0,Negative,53,"['regret', 'over', 'missed', 'opportunities', 'haunts', 'my', 'thoughts']", regret over missed opportunities haunts my thoughts
 Disgust at the sight of injustice and cruelty.     ,0,Negative,52,"['disgust', 'at', 'the', 'sight', 'of', 'injustice', 'and', 'cruelty']", disgust at the sight of injustice and cruelty     
" Drowning in despair, hope slipping through my fingers.",0,Negative,55,"['drowning', 'in', 'despair', 'hope', 'slipping', 'through', 'my', 'fingers']", drowning in despair hope slipping through my fingers
" Grief weighs heavy, tears a constant companion.    ",0,Negative,52,"['grief', 'weighs', 'heavy', 'tears', 'a', 'constant', 'companion']", grief weighs heavy tears a constant companion    
" Loneliness in a crowded room, a silent cry for connection.",0,Negative,59,"['loneliness', 'in', 'a', 'crowded', 'room', 'a', 'silent', 'cry', 'for', 'connection']", loneliness in a crowded room a silent cry for connection
" Jealousy gnaws at my confidence, a toxic emotion.  ",0,Negative,52,"['jealousy', 'gnaws', 'at', 'my', 'confidence', 'a', 'toxic', 'emotion']", jealousy gnaws at my confidence a toxic emotion  
" Resentment festers, poisoning relationships.       ",0,Negative,52,"['resentment', 'festers', 'poisoning', 'relationships']", resentment festers poisoning relationships       
" Frustration boils over, a volcanic eruption of emotions.",0,Negative,57,"['frustration', 'boils', 'over', 'a', 'volcanic', 'eruption', 'of', 'emotions']", frustration boils over a volcanic eruption of emotions
" Boredom settles like dust, life feels mundane.     ",0,Negative,52,"['boredom', 'settles', 'like', 'dust', 'life', 'feels', 'mundane']", boredom settles like dust life feels mundane     
" Anxiety grips my chest, a relentless grip on my thoughts.",0,Negative,58,"['anxiety', 'grips', 'my', 'chest', 'a', 'relentless', 'grip', 'on', 'my', 'thoughts']", anxiety grips my chest a relentless grip on my thoughts
" Intimidation by the challenges ahead, fear takes hold.",0,Negative,55,"['intimidation', 'by', 'the', 'challenges', 'ahead', 'fear', 'takes', 'hold']", intimidation by the challenges ahead fear takes hold
" Helplessness engulfs me, drowning in a sea of problems.",0,Negative,56,"['helplessness', 'engulfs', 'me', 'drowning', 'in', 'a', 'sea', 'of', 'problems']", helplessness engulfs me drowning in a sea of problems
" Envy poisons my thoughts, coveting others' success.",0,Negative,52,"['envy', 'poisons', 'my', 'thoughts', 'coveting', 'others', 'success']", envy poisons my thoughts coveting others success
 Regret for decisions that led to a painful present.,0,Negative,52,"['regret', 'for', 'decisions', 'that', 'led', 'to', 'a', 'painful', 'present']", regret for decisions that led to a painful present
 Disgust at the corruption that stains society.     ,0,Negative,52,"['disgust', 'at', 'the', 'corruption', 'that', 'stains', 'society']", disgust at the corruption that stains society     
" Sinking in despair, each day darker than the last. ",0,Negative,52,"['sinking', 'in', 'despair', 'each', 'day', 'darker', 'than', 'the', 'last']", sinking in despair each day darker than the last 
" Grief overwhelms, a storm of emotions within.      ",0,Negative,52,"['grief', 'overwhelms', 'a', 'storm', 'of', 'emotions', 'within']", grief overwhelms a storm of emotions within      
" Loneliness echoes in empty spaces, yearning for connection.",0,Negative,60,"['loneliness', 'echoes', 'in', 'empty', 'spaces', 'yearning', 'for', 'connection']", loneliness echoes in empty spaces yearning for connection
" Jealousy poisons my thoughts, resentment brewing within.",0,Negative,57,"['jealousy', 'poisons', 'my', 'thoughts', 'resentment', 'brewing', 'within']", jealousy poisons my thoughts resentment brewing within
" Resentment festers, a wound that refuses to heal.  ",0,Negative,52,"['resentment', 'festers', 'a', 'wound', 'that', 'refuses', 'to', 'heal']", resentment festers a wound that refuses to heal  
" Frustration escalates, a thunderstorm of emotions. ",0,Negative,52,"['frustration', 'escalates', 'a', 'thunderstorm', 'of', 'emotions']", frustration escalates a thunderstorm of emotions 
" Boredom lingers, a stagnant pool of indifference.  ",0,Negative,52,"['boredom', 'lingers', 'a', 'stagnant', 'pool', 'of', 'indifference']", boredom lingers a stagnant pool of indifference  
" Embarking on a journey of discovery, fueled by curiosity and a thirst for knowledge. ",1,Positive,86,"['embarking', 'on', 'a', 'journey', 'of', 'discovery', 'fueled', 'by', 'curiosity', 'and', 'a', 'thirst', 'for', 'knowledge']", embarking on a journey of discovery fueled by curiosity and a thirst for knowledge 
" Embracing the ebb and flow of life, finding acceptance in the dance of existence. ",1,Positive,83,"['embracing', 'the', 'ebb', 'and', 'flow', 'of', 'life', 'finding', 'acceptance', 'in', 'the', 'dance', 'of', 'existence']", embracing the ebb and flow of life finding acceptance in the dance of existence 
" Serenity found in the stillness of nature, a tranquil retreat from the chaos of the modern world. ",1,Positive,99,"['serenity', 'found', 'in', 'the', 'stillness', 'of', 'nature', 'a', 'tranquil', 'retreat', 'from', 'the', 'chaos', 'of', 'the', 'modern', 'world']", serenity found in the stillness of nature a tranquil retreat from the chaos of the modern world 
" Curiosity leading me down the rabbit hole of knowledge, a perpetual student in life's classroom. ",1,Positive,98,"['curiosity', 'leading', 'me', 'down', 'the', 'rabbit', 'hole', 'of', 'knowledge', 'a', 'perpetual', 'student', 'in', 'lifes', 'classroom']", curiosity leading me down the rabbit hole of knowledge a perpetual student in lifes classroom 
" Embracing the flaws, finding acceptance in imperfection, a journey towards self-love. ",1,Positive,87,"['embracing', 'the', 'flaws', 'finding', 'acceptance', 'in', 'imperfection', 'a', 'journey', 'towards', 'selflove']", embracing the flaws finding acceptance in imperfection a journey towards selflove 
" Tranquil moments by the ocean, serenity washing over, a peaceful retreat within the waves' embrace. ",1,Positive,101,"['tranquil', 'moments', 'by', 'the', 'ocean', 'serenity', 'washing', 'over', 'a', 'peaceful', 'retreat', 'within', 'the', 'waves', 'embrace']", tranquil moments by the ocean serenity washing over a peaceful retreat within the waves embrace 
" Exploring new horizons with the spark of curiosity, an adventurer in the vast landscape of knowledge. ",1,Positive,103,"['exploring', 'new', 'horizons', 'with', 'the', 'spark', 'of', 'curiosity', 'an', 'adventurer', 'in', 'the', 'vast', 'landscape', 'of', 'knowledge']", exploring new horizons with the spark of curiosity an adventurer in the vast landscape of knowledge 
" Embracing life's imperfections, finding acceptance in the journey, scars and all. ",1,Positive,83,"['embracing', 'lifes', 'imperfections', 'finding', 'acceptance', 'in', 'the', 'journey', 'scars', 'and', 'all']", embracing lifes imperfections finding acceptance in the journey scars and all 
" Basking in the serenity of a quiet forest, where the whispers of nature bring peace to the soul. ",1,Positive,98,"['basking', 'in', 'the', 'serenity', 'of', 'a', 'quiet', 'forest', 'where', 'the', 'whispers', 'of', 'nature', 'bring', 'peace', 'to', 'the', 'soul']", basking in the serenity of a quiet forest where the whispers of nature bring peace to the soul 
" Embracing imperfections, finding acceptance in the mosaic of life's beautiful chaos. ",1,Positive,86,"['embracing', 'imperfections', 'finding', 'acceptance', 'in', 'the', 'mosaic', 'of', 'lifes', 'beautiful', 'chaos']", embracing imperfections finding acceptance in the mosaic of lifes beautiful chaos 
" Seeking serenity in the melody of raindrops, a tranquil escape from the noise of everyday life. ",1,Positive,97,"['seeking', 'serenity', 'in', 'the', 'melody', 'of', 'raindrops', 'a', 'tranquil', 'escape', 'from', 'the', 'noise', 'of', 'everyday', 'life']", seeking serenity in the melody of raindrops a tranquil escape from the noise of everyday life 
" Curiosity driving the exploration of the unknown, a seeker of knowledge in uncharted territories. ",1,Positive,99,"['curiosity', 'driving', 'the', 'exploration', 'of', 'the', 'unknown', 'a', 'seeker', 'of', 'knowledge', 'in', 'uncharted', 'territories']", curiosity driving the exploration of the unknown a seeker of knowledge in uncharted territories 
" Embracing the beauty in imperfections, finding acceptance in the mosaic of life's unpredictable art. ",1,Positive,102,"['embracing', 'the', 'beauty', 'in', 'imperfections', 'finding', 'acceptance', 'in', 'the', 'mosaic', 'of', 'lifes', 'unpredictable', 'art']", embracing the beauty in imperfections finding acceptance in the mosaic of lifes unpredictable art 
" Immerse in the serenity of a moonlit night, where the quiet whispers of nature bring peace to the soul. ",1,Positive,105,"['immerse', 'in', 'the', 'serenity', 'of', 'a', 'moonlit', 'night', 'where', 'the', 'quiet', 'whispers', 'of', 'nature', 'bring', 'peace', 'to', 'the', 'soul']", immerse in the serenity of a moonlit night where the quiet whispers of nature bring peace to the soul 
" Fueled by curiosity, venturing into uncharted realms, a fearless explorer of the mysteries of the world. ",1,Positive,106,"['fueled', 'by', 'curiosity', 'venturing', 'into', 'uncharted', 'realms', 'a', 'fearless', 'explorer', 'of', 'the', 'mysteries', 'of', 'the', 'world']", fueled by curiosity venturing into uncharted realms a fearless explorer of the mysteries of the world 
" Basking in the golden glow of contentment, a serene river flowing through the landscape of the heart. ",1,Positive,103,"['basking', 'in', 'the', 'golden', 'glow', 'of', 'contentment', 'a', 'serene', 'river', 'flowing', 'through', 'the', 'landscape', 'of', 'the', 'heart']", basking in the golden glow of contentment a serene river flowing through the landscape of the heart 
" Bathed in the glow of inspiration, a creative phoenix rising from the ashes of ordinary thoughts to explore new realms. ",1,Positive,121,"['bathed', 'in', 'the', 'glow', 'of', 'inspiration', 'a', 'creative', 'phoenix', 'rising', 'from', 'the', 'ashes', 'of', 'ordinary', 'thoughts', 'to', 'explore', 'new', 'realms']", bathed in the glow of inspiration a creative phoenix rising from the ashes of ordinary thoughts to explore new realms 
" Striding with confidence, footprints of self-assuredness imprinted on the sands of challenges conquered and victories claimed. ",1,Positive,128,"['striding', 'with', 'confidence', 'footprints', 'of', 'selfassuredness', 'imprinted', 'on', 'the', 'sands', 'of', 'challenges', 'conquered', 'and', 'victories', 'claimed']", striding with confidence footprints of selfassuredness imprinted on the sands of challenges conquered and victories claimed 
" Lost in the symphony of the night, a moonlit serenade that whispers tales of wanderlust and moonlit dreams. ",1,Positive,109,"['lost', 'in', 'the', 'symphony', 'of', 'the', 'night', 'a', 'moonlit', 'serenade', 'that', 'whispers', 'tales', 'of', 'wanderlust', 'and', 'moonlit', 'dreams']", lost in the symphony of the night a moonlit serenade that whispers tales of wanderlust and moonlit dreams 
" Unveiling the layers of curiosity, a labyrinth of questions leading to the treasure troves of undiscovered knowledge. ",1,Positive,119,"['unveiling', 'the', 'layers', 'of', 'curiosity', 'a', 'labyrinth', 'of', 'questions', 'leading', 'to', 'the', 'treasure', 'troves', 'of', 'undiscovered', 'knowledge']", unveiling the layers of curiosity a labyrinth of questions leading to the treasure troves of undiscovered knowledge 
" Floating on clouds of inspiration, an artist painting the sky with strokes of creativity, creating a masterpiece of dreams. ",1,Positive,125,"['floating', 'on', 'clouds', 'of', 'inspiration', 'an', 'artist', 'painting', 'the', 'sky', 'with', 'strokes', 'of', 'creativity', 'creating', 'a', 'masterpiece', 'of', 'dreams']", floating on clouds of inspiration an artist painting the sky with strokes of creativity creating a masterpiece of dreams 
" Navigating the river of contentment, a serene boat cruise through the tranquil waters of inner peace and acceptance. ",1,Positive,118,"['navigating', 'the', 'river', 'of', 'contentment', 'a', 'serene', 'boat', 'cruise', 'through', 'the', 'tranquil', 'waters', 'of', 'inner', 'peace', 'and', 'acceptance']", navigating the river of contentment a serene boat cruise through the tranquil waters of inner peace and acceptance 
" Confident strides in the dance of life, a ballroom where self-assuredness leads, twirling through challenges with grace. ",1,Positive,122,"['confident', 'strides', 'in', 'the', 'dance', 'of', 'life', 'a', 'ballroom', 'where', 'selfassuredness', 'leads', 'twirling', 'through', 'challenges', 'with', 'grace']", confident strides in the dance of life a ballroom where selfassuredness leads twirling through challenges with grace 
" Whispering tales of inspiration to the stars, a storyteller crafting constellations from the threads of imagination. ",1,Positive,118,"['whispering', 'tales', 'of', 'inspiration', 'to', 'the', 'stars', 'a', 'storyteller', 'crafting', 'constellations', 'from', 'the', 'threads', 'of', 'imagination']", whispering tales of inspiration to the stars a storyteller crafting constellations from the threads of imagination 
" Floating on clouds of inspiration, an artist painting the sky with strokes of creativity, creating a masterpiece of dreams. ",1,Positive,125,"['floating', 'on', 'clouds', 'of', 'inspiration', 'an', 'artist', 'painting', 'the', 'sky', 'with', 'strokes', 'of', 'creativity', 'creating', 'a', 'masterpiece', 'of', 'dreams']", floating on clouds of inspiration an artist painting the sky with strokes of creativity creating a masterpiece of dreams 
" Navigating the river of contentment, a serene boat cruise through the tranquil waters of inner peace and acceptance. ",1,Positive,118,"['navigating', 'the', 'river', 'of', 'contentment', 'a', 'serene', 'boat', 'cruise', 'through', 'the', 'tranquil', 'waters', 'of', 'inner', 'peace', 'and', 'acceptance']", navigating the river of contentment a serene boat cruise through the tranquil waters of inner peace and acceptance 
" Confident strides in the dance of life, a ballroom where self-assuredness leads, twirling through challenges with grace. ",1,Positive,122,"['confident', 'strides', 'in', 'the', 'dance', 'of', 'life', 'a', 'ballroom', 'where', 'selfassuredness', 'leads', 'twirling', 'through', 'challenges', 'with', 'grace']", confident strides in the dance of life a ballroom where selfassuredness leads twirling through challenges with grace 
" Whispering tales of inspiration to the stars, a storyteller crafting constellations from the threads of imagination. ",1,Positive,118,"['whispering', 'tales', 'of', 'inspiration', 'to', 'the', 'stars', 'a', 'storyteller', 'crafting', 'constellations', 'from', 'the', 'threads', 'of', 'imagination']", whispering tales of inspiration to the stars a storyteller crafting constellations from the threads of imagination 
" Drowning in the abyss of despair, a heart shattered into fragments, lost in the echoing silence of hopelessness. ",0,Negative,114,"['drowning', 'in', 'the', 'abyss', 'of', 'despair', 'a', 'heart', 'shattered', 'into', 'fragments', 'lost', 'in', 'the', 'echoing', 'silence', 'of', 'hopelessness']", drowning in the abyss of despair a heart shattered into fragments lost in the echoing silence of hopelessness 
" Bitterness festering like a venomous vine, entwining the soul in a web of resentment, poisoning the garden of peace. ",0,Negative,118,"['bitterness', 'festering', 'like', 'a', 'venomous', 'vine', 'entwining', 'the', 'soul', 'in', 'a', 'web', 'of', 'resentment', 'poisoning', 'the', 'garden', 'of', 'peace']", bitterness festering like a venomous vine entwining the soul in a web of resentment poisoning the garden of peace 
" Wandering through the desert of loneliness, each step a heavy sigh, mirages of connection shimmering but never materializing. ",0,Negative,127,"['wandering', 'through', 'the', 'desert', 'of', 'loneliness', 'each', 'step', 'a', 'heavy', 'sigh', 'mirages', 'of', 'connection', 'shimmering', 'but', 'never', 'materializing']", wandering through the desert of loneliness each step a heavy sigh mirages of connection shimmering but never materializing 
" Eyes wide open in the night, fearful shadows dancing on the walls, the mind a prisoner of imagined horrors. ",0,Negative,109,"['eyes', 'wide', 'open', 'in', 'the', 'night', 'fearful', 'shadows', 'dancing', 'on', 'the', 'walls', 'the', 'mind', 'a', 'prisoner', 'of', 'imagined', 'horrors']", eyes wide open in the night fearful shadows dancing on the walls the mind a prisoner of imagined horrors 
" Apprehensive steps on the tightrope of uncertainty, a balancing act where the fall seems inevitable, anxiety a constant companion. ",0,Negative,132,"['apprehensive', 'steps', 'on', 'the', 'tightrope', 'of', 'uncertainty', 'a', 'balancing', 'act', 'where', 'the', 'fall', 'seems', 'inevitable', 'anxiety', 'a', 'constant', 'companion']", apprehensive steps on the tightrope of uncertainty a balancing act where the fall seems inevitable anxiety a constant companion 
" Loneliness, a silent companion in the night, the only echo in the chamber of solitude, a heart's solitary nocturne. ",0,Negative,117,"['loneliness', 'a', 'silent', 'companion', 'in', 'the', 'night', 'the', 'only', 'echo', 'in', 'the', 'chamber', 'of', 'solitude', 'a', 'hearts', 'solitary', 'nocturne']", loneliness a silent companion in the night the only echo in the chamber of solitude a hearts solitary nocturne 
" Fearful whispers in the dark, the mind haunted by the specter of the unknown, shadows dancing to the rhythm of anxiety's tune. ",0,Negative,128,"['fearful', 'whispers', 'in', 'the', 'dark', 'the', 'mind', 'haunted', 'by', 'the', 'specter', 'of', 'the', 'unknown', 'shadows', 'dancing', 'to', 'the', 'rhythm', 'of', 'anxietys', 'tune']", fearful whispers in the dark the mind haunted by the specter of the unknown shadows dancing to the rhythm of anxietys tune 
" Bitterness, a bitter aftertaste lingering on the tongue, each word a reminder of wounds that refuse to heal with the passing of time. ",0,Negative,135,"['bitterness', 'a', 'bitter', 'aftertaste', 'lingering', 'on', 'the', 'tongue', 'each', 'word', 'a', 'reminder', 'of', 'wounds', 'that', 'refuse', 'to', 'heal', 'with', 'the', 'passing', 'of', 'time']", bitterness a bitter aftertaste lingering on the tongue each word a reminder of wounds that refuse to heal with the passing of time 
" Despair like a heavy fog, enveloping every thought, blurring the path ahead, a journey in the labyrinth of utter hopelessness. ",0,Negative,128,"['despair', 'like', 'a', 'heavy', 'fog', 'enveloping', 'every', 'thought', 'blurring', 'the', 'path', 'ahead', 'a', 'journey', 'in', 'the', 'labyrinth', 'of', 'utter', 'hopelessness']", despair like a heavy fog enveloping every thought blurring the path ahead a journey in the labyrinth of utter hopelessness 
" Bitterness, a bitter chill in the air, freezing moments into icicles of resentment that dangle precariously over the landscape of memory. ",0,Negative,139,"['bitterness', 'a', 'bitter', 'chill', 'in', 'the', 'air', 'freezing', 'moments', 'into', 'icicles', 'of', 'resentment', 'that', 'dangle', 'precariously', 'over', 'the', 'landscape', 'of', 'memory']", bitterness a bitter chill in the air freezing moments into icicles of resentment that dangle precariously over the landscape of memory 
" Loneliness, a solitary moon in a starless sky, casting a cold glow on the landscape of isolation, where echoes bounce in empty spaces. ",0,Negative,136,"['loneliness', 'a', 'solitary', 'moon', 'in', 'a', 'starless', 'sky', 'casting', 'a', 'cold', 'glow', 'on', 'the', 'landscape', 'of', 'isolation', 'where', 'echoes', 'bounce', 'in', 'empty', 'spaces']", loneliness a solitary moon in a starless sky casting a cold glow on the landscape of isolation where echoes bounce in empty spaces 
" Fearful eyes scanning the shadows, a prisoner of the night, terrorized by the lurking monsters born from the mind's darkest corners. ",0,Negative,134,"['fearful', 'eyes', 'scanning', 'the', 'shadows', 'a', 'prisoner', 'of', 'the', 'night', 'terrorized', 'by', 'the', 'lurking', 'monsters', 'born', 'from', 'the', 'minds', 'darkest', 'corners']", fearful eyes scanning the shadows a prisoner of the night terrorized by the lurking monsters born from the minds darkest corners 
" Apprehensive whispers in the wind, a forecast of uncertainty, the mind's weather vane spinning wildly in the storm of doubt. ",0,Negative,126,"['apprehensive', 'whispers', 'in', 'the', 'wind', 'a', 'forecast', 'of', 'uncertainty', 'the', 'minds', 'weather', 'vane', 'spinning', 'wildly', 'in', 'the', 'storm', 'of', 'doubt']", apprehensive whispers in the wind a forecast of uncertainty the minds weather vane spinning wildly in the storm of doubt 
" Loneliness, a silent companion in the night, the only echo in the chamber of solitude, a heart's solitary nocturne. ",0,Negative,117,"['loneliness', 'a', 'silent', 'companion', 'in', 'the', 'night', 'the', 'only', 'echo', 'in', 'the', 'chamber', 'of', 'solitude', 'a', 'hearts', 'solitary', 'nocturne']", loneliness a silent companion in the night the only echo in the chamber of solitude a hearts solitary nocturne 
Awe-struck by the breathtaking sunrise over the mountains.      ,1,Positive,64,"['awestruck', 'by', 'the', 'breathtaking', 'sunrise', 'over', 'the', 'mountains']",awestruck by the breathtaking sunrise over the mountains      
Calmness found in the rhythm of raindrops on the windowpane.   ,1,Positive,63,"['calmness', 'found', 'in', 'the', 'rhythm', 'of', 'raindrops', 'on', 'the', 'windowpane']",calmness found in the rhythm of raindrops on the windowpane   
Excitement builds as the countdown to a long-awaited vacation begins. ,1,Positive,70,"['excitement', 'builds', 'as', 'the', 'countdown', 'to', 'a', 'longawaited', 'vacation', 'begins']",excitement builds as the countdown to a longawaited vacation begins 
"Reflecting on life's journey, grateful for the lessons learned. ",1,Positive,64,"['reflecting', 'on', 'lifes', 'journey', 'grateful', 'for', 'the', 'lessons', 'learned']",reflecting on lifes journey grateful for the lessons learned 
Curiosity sparked by exploring a mysterious ancient ruin.      ,1,Positive,63,"['curiosity', 'sparked', 'by', 'exploring', 'a', 'mysterious', 'ancient', 'ruin']",curiosity sparked by exploring a mysterious ancient ruin      
Admiration for the intricate details of a handcrafted masterpiece. ,1,Positive,67,"['admiration', 'for', 'the', 'intricate', 'details', 'of', 'a', 'handcrafted', 'masterpiece']",admiration for the intricate details of a handcrafted masterpiece 
Gratitude for the simple joys found in a cup of morning coffee.    ,1,Positive,67,"['gratitude', 'for', 'the', 'simple', 'joys', 'found', 'in', 'a', 'cup', 'of', 'morning', 'coffee']",gratitude for the simple joys found in a cup of morning coffee    
Feeling empowered after conquering a challenging hiking trail.     ,1,Positive,67,"['feeling', 'empowered', 'after', 'conquering', 'a', 'challenging', 'hiking', 'trail']",feeling empowered after conquering a challenging hiking trail     
Excitement builds while preparing for a surprise celebration.     ,1,Positive,66,"['excitement', 'builds', 'while', 'preparing', 'for', 'a', 'surprise', 'celebration']",excitement builds while preparing for a surprise celebration     
Captivated by the serenity of a tranquil garden in full bloom.     ,1,Positive,67,"['captivated', 'by', 'the', 'serenity', 'of', 'a', 'tranquil', 'garden', 'in', 'full', 'bloom']",captivated by the serenity of a tranquil garden in full bloom     
Anticipation for an upcoming adventure in an exotic destination.   ,1,Positive,67,"['anticipation', 'for', 'an', 'upcoming', 'adventure', 'in', 'an', 'exotic', 'destination']",anticipation for an upcoming adventure in an exotic destination   
Contentment in the midst of a family gathering filled with laughter. ,1,Positive,69,"['contentment', 'in', 'the', 'midst', 'of', 'a', 'family', 'gathering', 'filled', 'with', 'laughter']",contentment in the midst of a family gathering filled with laughter 
Enthusiasm for learning new skills and expanding knowledge.      ,1,Positive,65,"['enthusiasm', 'for', 'learning', 'new', 'skills', 'and', 'expanding', 'knowledge']",enthusiasm for learning new skills and expanding knowledge      
Pride in achieving a personal milestone in career progression.   ,1,Positive,65,"['pride', 'in', 'achieving', 'a', 'personal', 'milestone', 'in', 'career', 'progression']",pride in achieving a personal milestone in career progression   
Happiness blooms like flowers in a garden on a sunny day.        ,1,Positive,65,"['happiness', 'blooms', 'like', 'flowers', 'in', 'a', 'garden', 'on', 'a', 'sunny', 'day']",happiness blooms like flowers in a garden on a sunny day        
Elation over discovering a rare book in a quaint bookstore.      ,1,Positive,65,"['elation', 'over', 'discovering', 'a', 'rare', 'book', 'in', 'a', 'quaint', 'bookstore']",elation over discovering a rare book in a quaint bookstore      
Curiosity piqued by the mysteries of an ancient archaeological site.,1,Positive,68,"['curiosity', 'piqued', 'by', 'the', 'mysteries', 'of', 'an', 'ancient', 'archaeological', 'site']",curiosity piqued by the mysteries of an ancient archaeological site
Heartfelt gratitude for the laughter shared during a family reunion. ,1,Positive,69,"['heartfelt', 'gratitude', 'for', 'the', 'laughter', 'shared', 'during', 'a', 'family', 'reunion']",heartfelt gratitude for the laughter shared during a family reunion 
Euphoria floods in as the final puzzle piece clicks into place.       ,1,Positive,70,"['euphoria', 'floods', 'in', 'as', 'the', 'final', 'puzzle', 'piece', 'clicks', 'into', 'place']",euphoria floods in as the final puzzle piece clicks into place       
Awe-inspired by the grandeur of an ancient cathedral's intricate architecture. ,1,Positive,79,"['aweinspired', 'by', 'the', 'grandeur', 'of', 'an', 'ancient', 'cathedrals', 'intricate', 'architecture']",aweinspired by the grandeur of an ancient cathedrals intricate architecture 
Heartfelt gratitude for the laughter shared during a family reunion. ,1,Positive,69,"['heartfelt', 'gratitude', 'for', 'the', 'laughter', 'shared', 'during', 'a', 'family', 'reunion']",heartfelt gratitude for the laughter shared during a family reunion 
Euphoria floods in as the final puzzle piece fits perfectly.       ,1,Positive,67,"['euphoria', 'floods', 'in', 'as', 'the', 'final', 'puzzle', 'piece', 'fits', 'perfectly']",euphoria floods in as the final puzzle piece fits perfectly       
Awe-struck by the grandeur of an ancient cathedral's intricate architecture. ,1,Positive,77,"['awestruck', 'by', 'the', 'grandeur', 'of', 'an', 'ancient', 'cathedrals', 'intricate', 'architecture']",awestruck by the grandeur of an ancient cathedrals intricate architecture 
Curiosity awakened by the mysteries of an ancient archaeological site. ,1,Positive,71,"['curiosity', 'awakened', 'by', 'the', 'mysteries', 'of', 'an', 'ancient', 'archaeological', 'site']",curiosity awakened by the mysteries of an ancient archaeological site 
Giddy with excitement as the first snowflakes dance from the sky. ,1,Positive,66,"['giddy', 'with', 'excitement', 'as', 'the', 'first', 'snowflakes', 'dance', 'from', 'the', 'sky']",giddy with excitement as the first snowflakes dance from the sky 
Contentment envelops as the aroma of freshly baked bread fills the air. ,1,Positive,72,"['contentment', 'envelops', 'as', 'the', 'aroma', 'of', 'freshly', 'baked', 'bread', 'fills', 'the', 'air']",contentment envelops as the aroma of freshly baked bread fills the air 
Imbued with gratitude for the simple pleasure of a warm cup of tea. ,1,Positive,68,"['imbued', 'with', 'gratitude', 'for', 'the', 'simple', 'pleasure', 'of', 'a', 'warm', 'cup', 'of', 'tea']",imbued with gratitude for the simple pleasure of a warm cup of tea 
Awash with serenity as the sun sets over a tranquil lakeside retreat. ,1,Positive,70,"['awash', 'with', 'serenity', 'as', 'the', 'sun', 'sets', 'over', 'a', 'tranquil', 'lakeside', 'retreat']",awash with serenity as the sun sets over a tranquil lakeside retreat 
Numbness sets in as the weight of loneliness grows heavier.       ,0,Negative,66,"['numbness', 'sets', 'in', 'as', 'the', 'weight', 'of', 'loneliness', 'grows', 'heavier']",numbness sets in as the weight of loneliness grows heavier       
"Tears fall like raindrops, mourning the end of a cherished friendship. ",0,Negative,71,"['tears', 'fall', 'like', 'raindrops', 'mourning', 'the', 'end', 'of', 'a', 'cherished', 'friendship']",tears fall like raindrops mourning the end of a cherished friendship 
"Despair clouds the mind, feeling adrift in an endless sea of darkness. ",0,Negative,71,"['despair', 'clouds', 'the', 'mind', 'feeling', 'adrift', 'in', 'an', 'endless', 'sea', 'of', 'darkness']",despair clouds the mind feeling adrift in an endless sea of darkness 
"Haunted by regrets, the ghost of the past lingers relentlessly.   ",0,Negative,66,"['haunted', 'by', 'regrets', 'the', 'ghost', 'of', 'the', 'past', 'lingers', 'relentlessly']",haunted by regrets the ghost of the past lingers relentlessly   
"Torn apart by grief, the echoes of loss reverberate through the soul. ",0,Negative,70,"['torn', 'apart', 'by', 'grief', 'the', 'echoes', 'of', 'loss', 'reverberate', 'through', 'the', 'soul']",torn apart by grief the echoes of loss reverberate through the soul 
"Heartache deepens, a solitary journey through the abyss of despair. ",0,Negative,68,"['heartache', 'deepens', 'a', 'solitary', 'journey', 'through', 'the', 'abyss', 'of', 'despair']",heartache deepens a solitary journey through the abyss of despair 
"Bitterness like a poison, seeping into every crevice of the wounded heart. ",0,Negative,75,"['bitterness', 'like', 'a', 'poison', 'seeping', 'into', 'every', 'crevice', 'of', 'the', 'wounded', 'heart']",bitterness like a poison seeping into every crevice of the wounded heart 
"Avoiding the thorns of regret, walking barefoot on the path of remorse. ",0,Negative,72,"['avoiding', 'the', 'thorns', 'of', 'regret', 'walking', 'barefoot', 'on', 'the', 'path', 'of', 'remorse']",avoiding the thorns of regret walking barefoot on the path of remorse 
"In the labyrinth of grief, the walls echo with the footsteps of lost joy. ",0,Negative,74,"['in', 'the', 'labyrinth', 'of', 'grief', 'the', 'walls', 'echo', 'with', 'the', 'footsteps', 'of', 'lost', 'joy']",in the labyrinth of grief the walls echo with the footsteps of lost joy 
"A soul adrift in the sea of solitude, waves of loneliness crashing relentlessly. ",0,Negative,81,"['a', 'soul', 'adrift', 'in', 'the', 'sea', 'of', 'solitude', 'waves', 'of', 'loneliness', 'crashing', 'relentlessly']",a soul adrift in the sea of solitude waves of loneliness crashing relentlessly 
"The bitterness of betrayal, a taste that lingers, staining the palate of trust. ",0,Negative,80,"['the', 'bitterness', 'of', 'betrayal', 'a', 'taste', 'that', 'lingers', 'staining', 'the', 'palate', 'of', 'trust']",the bitterness of betrayal a taste that lingers staining the palate of trust 
"Tears, the ink staining the pages of a journal, a testament to silent grief. ",0,Negative,77,"['tears', 'the', 'ink', 'staining', 'the', 'pages', 'of', 'a', 'journal', 'a', 'testament', 'to', 'silent', 'grief']",tears the ink staining the pages of a journal a testament to silent grief 
"Haunted by the specter of lost possibilities, a ghost that refuses to fade away. ",0,Negative,81,"['haunted', 'by', 'the', 'specter', 'of', 'lost', 'possibilities', 'a', 'ghost', 'that', 'refuses', 'to', 'fade', 'away']",haunted by the specter of lost possibilities a ghost that refuses to fade away 
"In the labyrinth of despair, the echoes of a broken heart reverberate endlessly. ",0,Negative,81,"['in', 'the', 'labyrinth', 'of', 'despair', 'the', 'echoes', 'of', 'a', 'broken', 'heart', 'reverberate', 'endlessly']",in the labyrinth of despair the echoes of a broken heart reverberate endlessly 
"Tears, the currency of grief, spent in the marketplace of lost love and longing. ",0,Negative,81,"['tears', 'the', 'currency', 'of', 'grief', 'spent', 'in', 'the', 'marketplace', 'of', 'lost', 'love', 'and', 'longing']",tears the currency of grief spent in the marketplace of lost love and longing 
"In the tapestry of despair, threads of hope unravel, leaving a portrait of sorrow. ",0,Negative,83,"['in', 'the', 'tapestry', 'of', 'despair', 'threads', 'of', 'hope', 'unravel', 'leaving', 'a', 'portrait', 'of', 'sorrow']",in the tapestry of despair threads of hope unravel leaving a portrait of sorrow 
"In the symphony of grief, each tear is a note, composing a melancholic melody. ",0,Negative,79,"['in', 'the', 'symphony', 'of', 'grief', 'each', 'tear', 'is', 'a', 'note', 'composing', 'a', 'melancholic', 'melody']",in the symphony of grief each tear is a note composing a melancholic melody 
"Sinking in the quicksand of despair, the harder you fight, the deeper you descend. ",0,Negative,83,"['sinking', 'in', 'the', 'quicksand', 'of', 'despair', 'the', 'harder', 'you', 'fight', 'the', 'deeper', 'you', 'descend']",sinking in the quicksand of despair the harder you fight the deeper you descend 
"Swept away by the river of regret, the currents of the past refusing to release. ",0,Negative,81,"['swept', 'away', 'by', 'the', 'river', 'of', 'regret', 'the', 'currents', 'of', 'the', 'past', 'refusing', 'to', 'release']",swept away by the river of regret the currents of the past refusing to release 
"Dancing on sunshine, each step a celebration of the joy found in simple moments. ",1,Positive,81,"['dancing', 'on', 'sunshine', 'each', 'step', 'a', 'celebration', 'of', 'the', 'joy', 'found', 'in', 'simple', 'moments']",dancing on sunshine each step a celebration of the joy found in simple moments 
"Laughter echoes in the air, a chorus of happiness that lifts the spirit higher. ",1,Positive,80,"['laughter', 'echoes', 'in', 'the', 'air', 'a', 'chorus', 'of', 'happiness', 'that', 'lifts', 'the', 'spirit', 'higher']",laughter echoes in the air a chorus of happiness that lifts the spirit higher 
"In the garden of contentment, each bloom whispers tales of inner peace and joy. ",1,Positive,80,"['in', 'the', 'garden', 'of', 'contentment', 'each', 'bloom', 'whispers', 'tales', 'of', 'inner', 'peace', 'and', 'joy']",in the garden of contentment each bloom whispers tales of inner peace and joy 
"Chasing dreams under the vibrant sky, a journey fueled by hope and enthusiasm. ",1,Positive,79,"['chasing', 'dreams', 'under', 'the', 'vibrant', 'sky', 'a', 'journey', 'fueled', 'by', 'hope', 'and', 'enthusiasm']",chasing dreams under the vibrant sky a journey fueled by hope and enthusiasm 
"Serenading the stars with a heart full of gratitude, a melody of thankfulness. ",1,Positive,79,"['serenading', 'the', 'stars', 'with', 'a', 'heart', 'full', 'of', 'gratitude', 'a', 'melody', 'of', 'thankfulness']",serenading the stars with a heart full of gratitude a melody of thankfulness 
"Overflowing with joy, a cup of laughter shared with friends, a moment cherished. ",1,Positive,81,"['overflowing', 'with', 'joy', 'a', 'cup', 'of', 'laughter', 'shared', 'with', 'friends', 'a', 'moment', 'cherished']",overflowing with joy a cup of laughter shared with friends a moment cherished 
"In the embrace of love, each heartbeat is a melody, dancing to the rhythm of affection. ",1,Positive,88,"['in', 'the', 'embrace', 'of', 'love', 'each', 'heartbeat', 'is', 'a', 'melody', 'dancing', 'to', 'the', 'rhythm', 'of', 'affection']",in the embrace of love each heartbeat is a melody dancing to the rhythm of affection 
"Surrounded by the colors of joy, a canvas painted with laughter and endless smiles. ",1,Positive,84,"['surrounded', 'by', 'the', 'colors', 'of', 'joy', 'a', 'canvas', 'painted', 'with', 'laughter', 'and', 'endless', 'smiles']",surrounded by the colors of joy a canvas painted with laughter and endless smiles 
"In the symphony of excitement, each note is a burst of energy, igniting the soul with fervor. ",1,Positive,94,"['in', 'the', 'symphony', 'of', 'excitement', 'each', 'note', 'is', 'a', 'burst', 'of', 'energy', 'igniting', 'the', 'soul', 'with', 'fervor']",in the symphony of excitement each note is a burst of energy igniting the soul with fervor 
"Lost in the maze of curiosity, each twist and turn unveils the treasures of discovery. ",1,Positive,87,"['lost', 'in', 'the', 'maze', 'of', 'curiosity', 'each', 'twist', 'and', 'turn', 'unveils', 'the', 'treasures', 'of', 'discovery']",lost in the maze of curiosity each twist and turn unveils the treasures of discovery 
"Floating on clouds of gratitude, each raindrop a blessing, a shower of thankfulness. ",1,Positive,85,"['floating', 'on', 'clouds', 'of', 'gratitude', 'each', 'raindrop', 'a', 'blessing', 'a', 'shower', 'of', 'thankfulness']",floating on clouds of gratitude each raindrop a blessing a shower of thankfulness 
"A symphony of laughter, each note a key to unlocking the door of boundless happiness. ",1,Positive,86,"['a', 'symphony', 'of', 'laughter', 'each', 'note', 'a', 'key', 'to', 'unlocking', 'the', 'door', 'of', 'boundless', 'happiness']",a symphony of laughter each note a key to unlocking the door of boundless happiness 
"Exploring the wonders of Ferrari World, the roar of engines creating a symphony of speed. ",1,Positive,90,"['exploring', 'the', 'wonders', 'of', 'ferrari', 'world', 'the', 'roar', 'of', 'engines', 'creating', 'a', 'symphony', 'of', 'speed']",exploring the wonders of ferrari world the roar of engines creating a symphony of speed 
"Amidst the tulip fields of Keukenhof, a tapestry of colors that paints the soul with springtime joy. ",1,Positive,101,"['amidst', 'the', 'tulip', 'fields', 'of', 'keukenhof', 'a', 'tapestry', 'of', 'colors', 'that', 'paints', 'the', 'soul', 'with', 'springtime', 'joy']",amidst the tulip fields of keukenhof a tapestry of colors that paints the soul with springtime joy 
"In the embrace of the Grand Canyon, nature's masterpiece, a moment to marvel at Earth's grandeur. ",1,Positive,98,"['in', 'the', 'embrace', 'of', 'the', 'grand', 'canyon', 'natures', 'masterpiece', 'a', 'moment', 'to', 'marvel', 'at', 'earths', 'grandeur']",in the embrace of the grand canyon natures masterpiece a moment to marvel at earths grandeur 
"Journeying through the serenity of Santorini, where each sunset paints the sky with hues of tranquility. ",1,Positive,105,"['journeying', 'through', 'the', 'serenity', 'of', 'santorini', 'where', 'each', 'sunset', 'paints', 'the', 'sky', 'with', 'hues', 'of', 'tranquility']",journeying through the serenity of santorini where each sunset paints the sky with hues of tranquility 
"At the summit of Machu Picchu, a breathtaking panorama that whispers the secrets of ancient civilizations. ",1,Positive,107,"['at', 'the', 'summit', 'of', 'machu', 'picchu', 'a', 'breathtaking', 'panorama', 'that', 'whispers', 'the', 'secrets', 'of', 'ancient', 'civilizations']",at the summit of machu picchu a breathtaking panorama that whispers the secrets of ancient civilizations 
"In the heart of New York City, Times Square dazzles with lights, a vibrant spectacle of urban energy. ",1,Positive,102,"['in', 'the', 'heart', 'of', 'new', 'york', 'city', 'times', 'square', 'dazzles', 'with', 'lights', 'a', 'vibrant', 'spectacle', 'of', 'urban', 'energy']",in the heart of new york city times square dazzles with lights a vibrant spectacle of urban energy 
"Sailing the azure waters of the Maldives, each wave a whisper of serenity in paradise. ",1,Positive,87,"['sailing', 'the', 'azure', 'waters', 'of', 'the', 'maldives', 'each', 'wave', 'a', 'whisper', 'of', 'serenity', 'in', 'paradise']",sailing the azure waters of the maldives each wave a whisper of serenity in paradise 
"Walking the Great Wall of China, each step a testament to ancient engineering marvels. ",1,Positive,87,"['walking', 'the', 'great', 'wall', 'of', 'china', 'each', 'step', 'a', 'testament', 'to', 'ancient', 'engineering', 'marvels']",walking the great wall of china each step a testament to ancient engineering marvels 
"Swaying to Ed Sheeran's acoustic melodies, a serene evening filled with 'Perfect' moments. ",1,Positive,91,"['swaying', 'to', 'ed', 'sheerans', 'acoustic', 'melodies', 'a', 'serene', 'evening', 'filled', 'with', 'perfect', 'moments']",swaying to ed sheerans acoustic melodies a serene evening filled with perfect moments 
"Immersed in the pulsating beats of a Bruno Mars concert, where 'Uptown Funk' becomes a city of joy. ",1,Positive,100,"['immersed', 'in', 'the', 'pulsating', 'beats', 'of', 'a', 'bruno', 'mars', 'concert', 'where', 'uptown', 'funk', 'becomes', 'a', 'city', 'of', 'joy']",immersed in the pulsating beats of a bruno mars concert where uptown funk becomes a city of joy 
"Experiencing the magic of a Coldplay concert, where 'Fix You' becomes a beacon of hope in the night. ",1,Positive,101,"['experiencing', 'the', 'magic', 'of', 'a', 'coldplay', 'concert', 'where', 'fix', 'you', 'becomes', 'a', 'beacon', 'of', 'hope', 'in', 'the', 'night']",experiencing the magic of a coldplay concert where fix you becomes a beacon of hope in the night 
"At a Justin Bieber concert, the infectious beats of 'Baby' create a dance floor of unbridled enthusiasm. ",1,Positive,105,"['at', 'a', 'justin', 'bieber', 'concert', 'the', 'infectious', 'beats', 'of', 'baby', 'create', 'a', 'dance', 'floor', 'of', 'unbridled', 'enthusiasm']",at a justin bieber concert the infectious beats of baby create a dance floor of unbridled enthusiasm 
"In the audience of a Jay-Z performance, the lyrics of 'Empire State of Mind' become an anthem of pride. ",1,Positive,104,"['in', 'the', 'audience', 'of', 'a', 'jayz', 'performance', 'the', 'lyrics', 'of', 'empire', 'state', 'of', 'mind', 'become', 'an', 'anthem', 'of', 'pride']",in the audience of a jayz performance the lyrics of empire state of mind become an anthem of pride 
"In the crowd of an Ariana Grande concert, the high notes of 'Into You' create a euphoric symphony. ",1,Positive,99,"['in', 'the', 'crowd', 'of', 'an', 'ariana', 'grande', 'concert', 'the', 'high', 'notes', 'of', 'into', 'you', 'create', 'a', 'euphoric', 'symphony']",in the crowd of an ariana grande concert the high notes of into you create a euphoric symphony 
"Captivated by the spellbinding plot twists, the audience applauds, experiencing a rollercoaster of emotions at the movie premiere. ",1,Positive,131,"['captivated', 'by', 'the', 'spellbinding', 'plot', 'twists', 'the', 'audience', 'applauds', 'experiencing', 'a', 'rollercoaster', 'of', 'emotions', 'at', 'the', 'movie', 'premiere']",captivated by the spellbinding plot twists the audience applauds experiencing a rollercoaster of emotions at the movie premiere 
"At the film festival, the indie filmmaker's creation receives a standing ovation, evoking pride and a sense of accomplishment. ",1,Positive,127,"['at', 'the', 'film', 'festival', 'the', 'indie', 'filmmakers', 'creation', 'receives', 'a', 'standing', 'ovation', 'evoking', 'pride', 'and', 'a', 'sense', 'of', 'accomplishment']",at the film festival the indie filmmakers creation receives a standing ovation evoking pride and a sense of accomplishment 
"At the Oscars, the actor graciously accepts an award, radiating joy and gratitude for the recognition of their outstanding performance. ",1,Positive,136,"['at', 'the', 'oscars', 'the', 'actor', 'graciously', 'accepts', 'an', 'award', 'radiating', 'joy', 'and', 'gratitude', 'for', 'the', 'recognition', 'of', 'their', 'outstanding', 'performance']",at the oscars the actor graciously accepts an award radiating joy and gratitude for the recognition of their outstanding performance 
"Celebrating a historic victory in the World Cup, the nation erupts in joy, united by the triumph of their football team. ",1,Positive,121,"['celebrating', 'a', 'historic', 'victory', 'in', 'the', 'world', 'cup', 'the', 'nation', 'erupts', 'in', 'joy', 'united', 'by', 'the', 'triumph', 'of', 'their', 'football', 'team']",celebrating a historic victory in the world cup the nation erupts in joy united by the triumph of their football team 
"In the cricket championship, a nail-biting finish leaves fans on the edge of their seats, experiencing a rollercoaster of emotions. ",1,Positive,132,"['in', 'the', 'cricket', 'championship', 'a', 'nailbiting', 'finish', 'leaves', 'fans', 'on', 'the', 'edge', 'of', 'their', 'seats', 'experiencing', 'a', 'rollercoaster', 'of', 'emotions']",in the cricket championship a nailbiting finish leaves fans on the edge of their seats experiencing a rollercoaster of emotions 
"Witnessing a record-breaking marathon, spectators are filled with awe and admiration for the endurance and dedication of the runners. ",1,Positive,134,"['witnessing', 'a', 'recordbreaking', 'marathon', 'spectators', 'are', 'filled', 'with', 'awe', 'and', 'admiration', 'for', 'the', 'endurance', 'and', 'dedication', 'of', 'the', 'runners']",witnessing a recordbreaking marathon spectators are filled with awe and admiration for the endurance and dedication of the runners 
"At the golf tournament, the golfer's precision and focus lead to a stunning victory, leaving spectators in awe of their exceptional skill. ",1,Positive,139,"['at', 'the', 'golf', 'tournament', 'the', 'golfers', 'precision', 'and', 'focus', 'lead', 'to', 'a', 'stunning', 'victory', 'leaving', 'spectators', 'in', 'awe', 'of', 'their', 'exceptional', 'skill']",at the golf tournament the golfers precision and focus lead to a stunning victory leaving spectators in awe of their exceptional skill 
"In the tennis tournament, a highly anticipated player experiences a setback, leaving fans in shock and questioning the unforeseen turn of events. ",0,Negative,146,"['in', 'the', 'tennis', 'tournament', 'a', 'highly', 'anticipated', 'player', 'experiences', 'a', 'setback', 'leaving', 'fans', 'in', 'shock', 'and', 'questioning', 'the', 'unforeseen', 'turn', 'of', 'events']",in the tennis tournament a highly anticipated player experiences a setback leaving fans in shock and questioning the unforeseen turn of events 
"In the midst of a soccer match, an unexpected own goal creates a moment of despair for the player, as teammates console and encourage them. ",0,Negative,140,"['in', 'the', 'midst', 'of', 'a', 'soccer', 'match', 'an', 'unexpected', 'own', 'goal', 'creates', 'a', 'moment', 'of', 'despair', 'for', 'the', 'player', 'as', 'teammates', 'console', 'and', 'encourage', 'them']",in the midst of a soccer match an unexpected own goal creates a moment of despair for the player as teammates console and encourage them 
Successfully avoided eye contact with my crush in the hallway. Mission accomplished. #TeenCrush #StealthMode ,1,Positive,109,"['successfully', 'avoided', 'eye', 'contact', 'with', 'my', 'crush', 'in', 'the', 'hallway', 'mission', 'accomplished', 'teencrush', 'stealthmode']",successfully avoided eye contact with my crush in the hallway mission accomplished teencrush stealthmode 
Ran out of snacks during a movie marathon. Crisis level: Emergency! #MovieNightStruggles #TeenProblems ,0,Negative,103,"['ran', 'out', 'of', 'snacks', 'during', 'a', 'movie', 'marathon', 'crisis', 'level', 'emergency', 'movienightstruggles', 'teenproblems']",ran out of snacks during a movie marathon crisis level emergency movienightstruggles teenproblems 
Spent an hour choosing the perfect filter for a selfie. The struggle for that Instagram aesthetic is real. #SelfieQueen #TeenVibes ,1,Positive,131,"['spent', 'an', 'hour', 'choosing', 'the', 'perfect', 'filter', 'for', 'a', 'selfie', 'the', 'struggle', 'for', 'that', 'instagram', 'aesthetic', 'is', 'real', 'selfiequeen', 'teenvibes']",spent an hour choosing the perfect filter for a selfie the struggle for that instagram aesthetic is real selfiequeen teenvibes 
Lost my headphones again. How do they vanish into thin air? #HeadphoneMystery #TeenLife ,0,Negative,88,"['lost', 'my', 'headphones', 'again', 'how', 'do', 'they', 'vanish', 'into', 'thin', 'air', 'headphonemystery', 'teenlife']",lost my headphones again how do they vanish into thin air headphonemystery teenlife 
"Entered the kitchen with the intention to cook. Left with a bag of chips. Cooking is overrated, anyway. #MasterChefInTraining #TeenHumor ",0,Negative,137,"['entered', 'the', 'kitchen', 'with', 'the', 'intention', 'to', 'cook', 'left', 'with', 'a', 'bag', 'of', 'chips', 'cooking', 'is', 'overrated', 'anyway', 'masterchefintraining', 'teenhumor']",entered the kitchen with the intention to cook left with a bag of chips cooking is overrated anyway masterchefintraining teenhumor 
"Discovered a new book series and spent the whole night reading. Who needs sleep, anyway? #BookwormLife #LateNightReading ",1,Positive,121,"['discovered', 'a', 'new', 'book', 'series', 'and', 'spent', 'the', 'whole', 'night', 'reading', 'who', 'needs', 'sleep', 'anyway', 'bookwormlife', 'latenightreading']",discovered a new book series and spent the whole night reading who needs sleep anyway bookwormlife latenightreading 
"Bought a new video game, played for hours, forgot to eat. The ultimate gaming session. #GamerLife #NoFoodGaming ",1,Positive,112,"['bought', 'a', 'new', 'video', 'game', 'played', 'for', 'hours', 'forgot', 'to', 'eat', 'the', 'ultimate', 'gaming', 'session', 'gamerlife', 'nofoodgaming']",bought a new video game played for hours forgot to eat the ultimate gaming session gamerlife nofoodgaming 
Spent the day binge-watching a new series. Productivity level: Zero. #LazyDay #TVSeriesMarathon ,1,Positive,96,"['spent', 'the', 'day', 'bingewatching', 'a', 'new', 'series', 'productivity', 'level', 'zero', 'lazyday', 'tvseriesmarathon']",spent the day bingewatching a new series productivity level zero lazyday tvseriesmarathon 
Caught up on the latest fashion trends and now planning a shopping spree. #Fashionista #TrendyTeen ,1,Positive,99,"['caught', 'up', 'on', 'the', 'latest', 'fashion', 'trends', 'and', 'now', 'planning', 'a', 'shopping', 'spree', 'fashionista', 'trendyteen']",caught up on the latest fashion trends and now planning a shopping spree fashionista trendyteen 
Decided to learn a new instrument. Day one: Still trying to figure out how to hold it. #MusicNovice #LearningJourney ,0,Negative,117,"['decided', 'to', 'learn', 'a', 'new', 'instrument', 'day', 'one', 'still', 'trying', 'to', 'figure', 'out', 'how', 'to', 'hold', 'it', 'musicnovice', 'learningjourney']",decided to learn a new instrument day one still trying to figure out how to hold it musicnovice learningjourney 
Spent hours creating the perfect playlist for every mood. Music is my therapy. #PlaylistMaker #TeenMusicLover ,1,Positive,110,"['spent', 'hours', 'creating', 'the', 'perfect', 'playlist', 'for', 'every', 'mood', 'music', 'is', 'my', 'therapy', 'playlistmaker', 'teenmusiclover']",spent hours creating the perfect playlist for every mood music is my therapy playlistmaker teenmusiclover 
Successfully cooked a gourmet meal for the family. Chef skills unlocked! #ChefMode #TeenChef ,1,Positive,93,"['successfully', 'cooked', 'a', 'gourmet', 'meal', 'for', 'the', 'family', 'chef', 'skills', 'unlocked', 'chefmode', 'teenchef']",successfully cooked a gourmet meal for the family chef skills unlocked chefmode teenchef 
Spontaneously booked a weekend getaway. Adventure awaits! #TravelBug #WeekendEscape ,1,Positive,84,"['spontaneously', 'booked', 'a', 'weekend', 'getaway', 'adventure', 'awaits', 'travelbug', 'weekendescape']",spontaneously booked a weekend getaway adventure awaits travelbug weekendescape 
Attended a concert and danced the night away. Music is the heartbeat of life. #ConcertVibes #DanceAllNight ,1,Positive,107,"['attended', 'a', 'concert', 'and', 'danced', 'the', 'night', 'away', 'music', 'is', 'the', 'heartbeat', 'of', 'life', 'concertvibes', 'danceallnight']",attended a concert and danced the night away music is the heartbeat of life concertvibes danceallnight 
Rediscovered childhood cartoons and had a nostalgia-filled marathon. #CartoonNostalgia #TeenMemories ,1,Positive,101,"['rediscovered', 'childhood', 'cartoons', 'and', 'had', 'a', 'nostalgiafilled', 'marathon', 'cartoonnostalgia', 'teenmemories']",rediscovered childhood cartoons and had a nostalgiafilled marathon cartoonnostalgia teenmemories 
Embarked on a DIY home decor project. Let's hope it turns out better than last time. #DIYAdventure #TeenHomeDecor ,1,Positive,114,"['embarked', 'on', 'a', 'diy', 'home', 'decor', 'project', 'lets', 'hope', 'it', 'turns', 'out', 'better', 'than', 'last', 'time', 'diyadventure', 'teenhomedecor']",embarked on a diy home decor project lets hope it turns out better than last time diyadventure teenhomedecor 
"Spent the afternoon at a museum, pretending to be cultured. Art enthusiast in the making. #MuseumDay #TeenArtLover ",1,Positive,115,"['spent', 'the', 'afternoon', 'at', 'a', 'museum', 'pretending', 'to', 'be', 'cultured', 'art', 'enthusiast', 'in', 'the', 'making', 'museumday', 'teenartlover']",spent the afternoon at a museum pretending to be cultured art enthusiast in the making museumday teenartlover 
Started a blog about random thoughts and musings. Blogging is the new diary. #BloggerLife #TeenBlogger ,1,Positive,103,"['started', 'a', 'blog', 'about', 'random', 'thoughts', 'and', 'musings', 'blogging', 'is', 'the', 'new', 'diary', 'bloggerlife', 'teenblogger']",started a blog about random thoughts and musings blogging is the new diary bloggerlife teenblogger 
Relishing a peaceful afternoon with a classic novel. Quiet moments are the best moments. #BookLover #PeacefulAfternoon ,1,Positive,119,"['relishing', 'a', 'peaceful', 'afternoon', 'with', 'a', 'classic', 'novel', 'quiet', 'moments', 'are', 'the', 'best', 'moments', 'booklover', 'peacefulafternoon']",relishing a peaceful afternoon with a classic novel quiet moments are the best moments booklover peacefulafternoon 
"Reflecting on a lifetime of memories, each wrinkle tells a story. Embracing the beauty of aging. #LifeReflections #BeautyInAging ",1,Positive,129,"['reflecting', 'on', 'a', 'lifetime', 'of', 'memories', 'each', 'wrinkle', 'tells', 'a', 'story', 'embracing', 'the', 'beauty', 'of', 'aging', 'lifereflections', 'beautyinaging']",reflecting on a lifetime of memories each wrinkle tells a story embracing the beauty of aging lifereflections beautyinaging 
Exploring the world of digital art. It's never too late to discover new passions. #DigitalArtistry #LateBloomer ,1,Positive,112,"['exploring', 'the', 'world', 'of', 'digital', 'art', 'its', 'never', 'too', 'late', 'to', 'discover', 'new', 'passions', 'digitalartistry', 'latebloomer']",exploring the world of digital art its never too late to discover new passions digitalartistry latebloomer 
Savoring the flavors of a home-cooked meal. Simple joys are the heart of happiness. #HomeCooking #SimpleJoys ,1,Positive,109,"['savoring', 'the', 'flavors', 'of', 'a', 'homecooked', 'meal', 'simple', 'joys', 'are', 'the', 'heart', 'of', 'happiness', 'homecooking', 'simplejoys']",savoring the flavors of a homecooked meal simple joys are the heart of happiness homecooking simplejoys 
Embarking on a journey of learning a new language. The mind stays young with every new word. #LanguageLearning #NeverTooLate ,1,Positive,125,"['embarking', 'on', 'a', 'journey', 'of', 'learning', 'a', 'new', 'language', 'the', 'mind', 'stays', 'young', 'with', 'every', 'new', 'word', 'languagelearning', 'nevertoolate']",embarking on a journey of learning a new language the mind stays young with every new word languagelearning nevertoolate 
"Attended a classical music concert, feeling the timeless melodies resonate. Music transcends generations. #ClassicalMusic #TimelessMelodies ",1,Positive,140,"['attended', 'a', 'classical', 'music', 'concert', 'feeling', 'the', 'timeless', 'melodies', 'resonate', 'music', 'transcends', 'generations', 'classicalmusic', 'timelessmelodies']",attended a classical music concert feeling the timeless melodies resonate music transcends generations classicalmusic timelessmelodies 
Capturing the beauty of nature through photography. Every snapshot is a treasure. #NaturePhotography #SeniorPhotographer ,1,Positive,121,"['capturing', 'the', 'beauty', 'of', 'nature', 'through', 'photography', 'every', 'snapshot', 'is', 'a', 'treasure', 'naturephotography', 'seniorphotographer']",capturing the beauty of nature through photography every snapshot is a treasure naturephotography seniorphotographer 
"Reconnecting with old friends over a cup of tea. Friendship, the true essence of companionship. #OldFriends #Companionship ",1,Positive,123,"['reconnecting', 'with', 'old', 'friends', 'over', 'a', 'cup', 'of', 'tea', 'friendship', 'the', 'true', 'essence', 'of', 'companionship', 'oldfriends', 'companionship']",reconnecting with old friends over a cup of tea friendship the true essence of companionship oldfriends companionship 
"Embarked on a road trip to revisit cherished places from the past. Nostalgia, the ultimate travel companion. #RoadTrip #NostalgiaTour ",1,Positive,134,"['embarked', 'on', 'a', 'road', 'trip', 'to', 'revisit', 'cherished', 'places', 'from', 'the', 'past', 'nostalgia', 'the', 'ultimate', 'travel', 'companion', 'roadtrip', 'nostalgiatour']",embarked on a road trip to revisit cherished places from the past nostalgia the ultimate travel companion roadtrip nostalgiatour 
"Joined a community choir, harmonizing with fellow voices. Music creates bonds that withstand time. #CommunityChoir #HarmonyInAging ",1,Positive,131,"['joined', 'a', 'community', 'choir', 'harmonizing', 'with', 'fellow', 'voices', 'music', 'creates', 'bonds', 'that', 'withstand', 'time', 'communitychoir', 'harmonyinaging']",joined a community choir harmonizing with fellow voices music creates bonds that withstand time communitychoir harmonyinaging 
"Exploring the art of meditation, finding tranquility in the stillness of the mind. #MeditationJourney #TranquilMind ",1,Positive,116,"['exploring', 'the', 'art', 'of', 'meditation', 'finding', 'tranquility', 'in', 'the', 'stillness', 'of', 'the', 'mind', 'meditationjourney', 'tranquilmind']",exploring the art of meditation finding tranquility in the stillness of the mind meditationjourney tranquilmind 
"Taking a stroll in the garden, appreciating the beauty of blooming flowers. Nature's wonders never cease. #GardenWalk #FloralBeauty ",1,Positive,132,"['taking', 'a', 'stroll', 'in', 'the', 'garden', 'appreciating', 'the', 'beauty', 'of', 'blooming', 'flowers', 'natures', 'wonders', 'never', 'cease', 'gardenwalk', 'floralbeauty']",taking a stroll in the garden appreciating the beauty of blooming flowers natures wonders never cease gardenwalk floralbeauty 
"Sipping on a favorite vintage wine, each sip telling a story of the years gone by. Cheers to a life well-lived. #WineLover #VintageCheers ",1,Positive,138,"['sipping', 'on', 'a', 'favorite', 'vintage', 'wine', 'each', 'sip', 'telling', 'a', 'story', 'of', 'the', 'years', 'gone', 'by', 'cheers', 'to', 'a', 'life', 'welllived', 'winelover', 'vintagecheers']",sipping on a favorite vintage wine each sip telling a story of the years gone by cheers to a life welllived winelover vintagecheers 
"Participated in a community art class, unleashing creativity in the golden years. Art has no age limit. #ArtClass #SeniorArtistry ",1,Positive,130,"['participated', 'in', 'a', 'community', 'art', 'class', 'unleashing', 'creativity', 'in', 'the', 'golden', 'years', 'art', 'has', 'no', 'age', 'limit', 'artclass', 'seniorartistry']",participated in a community art class unleashing creativity in the golden years art has no age limit artclass seniorartistry 
"Embarking on a journey of writing a memoir, documenting a lifetime of experiences. Every story matters. #MemoirWriting #SeniorStories ",1,Positive,134,"['embarking', 'on', 'a', 'journey', 'of', 'writing', 'a', 'memoir', 'documenting', 'a', 'lifetime', 'of', 'experiences', 'every', 'story', 'matters', 'memoirwriting', 'seniorstories']",embarking on a journey of writing a memoir documenting a lifetime of experiences every story matters memoirwriting seniorstories 
"Attended a lecture on history, always fascinated by the lessons from the past. Learning is a lifelong adventure. #HistoryLecture #SeniorLearning ",1,Positive,145,"['attended', 'a', 'lecture', 'on', 'history', 'always', 'fascinated', 'by', 'the', 'lessons', 'from', 'the', 'past', 'learning', 'is', 'a', 'lifelong', 'adventure', 'historylecture', 'seniorlearning']",attended a lecture on history always fascinated by the lessons from the past learning is a lifelong adventure historylecture seniorlearning 
"Rediscovered the joy of cooking traditional family recipes. The kitchen, a place of cherished memories. #FamilyRecipes #SeniorCooking ",1,Positive,134,"['rediscovered', 'the', 'joy', 'of', 'cooking', 'traditional', 'family', 'recipes', 'the', 'kitchen', 'a', 'place', 'of', 'cherished', 'memories', 'familyrecipes', 'seniorcooking']",rediscovered the joy of cooking traditional family recipes the kitchen a place of cherished memories familyrecipes seniorcooking 
"Joined a nature photography club, capturing the beauty of the great outdoors. Every click is a connection to nature. #NaturePhotography #SeniorPhotographer ",1,Positive,156,"['joined', 'a', 'nature', 'photography', 'club', 'capturing', 'the', 'beauty', 'of', 'the', 'great', 'outdoors', 'every', 'click', 'is', 'a', 'connection', 'to', 'nature', 'naturephotography', 'seniorphotographer']",joined a nature photography club capturing the beauty of the great outdoors every click is a connection to nature naturephotography seniorphotographer 
"Attended a jazz concert and swayed to the rhythm of timeless tunes. Music, a constant companion in the golden years. #JazzConcert #SeniorMusic ",1,Positive,143,"['attended', 'a', 'jazz', 'concert', 'and', 'swayed', 'to', 'the', 'rhythm', 'of', 'timeless', 'tunes', 'music', 'a', 'constant', 'companion', 'in', 'the', 'golden', 'years', 'jazzconcert', 'seniormusic']",attended a jazz concert and swayed to the rhythm of timeless tunes music a constant companion in the golden years jazzconcert seniormusic 
"Joined a writing group, penning down thoughts and reflections. Writing, a journey into the depths of the soul. #WritingGroup #SeniorWriter ",1,Positive,139,"['joined', 'a', 'writing', 'group', 'penning', 'down', 'thoughts', 'and', 'reflections', 'writing', 'a', 'journey', 'into', 'the', 'depths', 'of', 'the', 'soul', 'writinggroup', 'seniorwriter']",joined a writing group penning down thoughts and reflections writing a journey into the depths of the soul writinggroup seniorwriter 
"Embarked on a solo travel adventure, discovering the beauty of new places at my own pace. #SoloTravel #SeniorExplorer ",1,Positive,118,"['embarked', 'on', 'a', 'solo', 'travel', 'adventure', 'discovering', 'the', 'beauty', 'of', 'new', 'places', 'at', 'my', 'own', 'pace', 'solotravel', 'seniorexplorer']",embarked on a solo travel adventure discovering the beauty of new places at my own pace solotravel seniorexplorer 
"Attended a vintage car show, reminiscing about the classics that once ruled the roads. Nostalgia in every rev. #VintageCars #ClassicRides ",1,Positive,138,"['attended', 'a', 'vintage', 'car', 'show', 'reminiscing', 'about', 'the', 'classics', 'that', 'once', 'ruled', 'the', 'roads', 'nostalgia', 'in', 'every', 'rev', 'vintagecars', 'classicrides']",attended a vintage car show reminiscing about the classics that once ruled the roads nostalgia in every rev vintagecars classicrides 
"Started a community garden, growing not just plants but friendships too. Green thumbs unite! #CommunityGarden #SeniorGardener ",1,Positive,126,"['started', 'a', 'community', 'garden', 'growing', 'not', 'just', 'plants', 'but', 'friendships', 'too', 'green', 'thumbs', 'unite', 'communitygarden', 'seniorgardener']",started a community garden growing not just plants but friendships too green thumbs unite communitygarden seniorgardener 
"Hosted a family dinner, where laughter echoed louder than the clinking of utensils. Family, the heart of happiness. #FamilyDinner #SeniorHost ",1,Positive,142,"['hosted', 'a', 'family', 'dinner', 'where', 'laughter', 'echoed', 'louder', 'than', 'the', 'clinking', 'of', 'utensils', 'family', 'the', 'heart', 'of', 'happiness', 'familydinner', 'seniorhost']",hosted a family dinner where laughter echoed louder than the clinking of utensils family the heart of happiness familydinner seniorhost 
"Enrolled in a dance class for seniors, moving to the rhythm of life. Age is just a number on the dance floor. #DanceClass #SeniorDancer ",1,Positive,136,"['enrolled', 'in', 'a', 'dance', 'class', 'for', 'seniors', 'moving', 'to', 'the', 'rhythm', 'of', 'life', 'age', 'is', 'just', 'a', 'number', 'on', 'the', 'dance', 'floor', 'danceclass', 'seniordancer']",enrolled in a dance class for seniors moving to the rhythm of life age is just a number on the dance floor danceclass seniordancer 
"Visited an art gallery, appreciating the brushstrokes that tell tales of creativity. Art, an eternal companion. #ArtGallery #SeniorArtLover ",1,Positive,140,"['visited', 'an', 'art', 'gallery', 'appreciating', 'the', 'brushstrokes', 'that', 'tell', 'tales', 'of', 'creativity', 'art', 'an', 'eternal', 'companion', 'artgallery', 'seniorartlover']",visited an art gallery appreciating the brushstrokes that tell tales of creativity art an eternal companion artgallery seniorartlover 
"Started a book club for seniors, where discussions are as lively as the characters in the novels. #BookClub #SeniorReaders ",1,Positive,123,"['started', 'a', 'book', 'club', 'for', 'seniors', 'where', 'discussions', 'are', 'as', 'lively', 'as', 'the', 'characters', 'in', 'the', 'novels', 'bookclub', 'seniorreaders']",started a book club for seniors where discussions are as lively as the characters in the novels bookclub seniorreaders 
"Hosted a picnic in the park, basking in the warmth of friendship and sunshine. Simple joys, timeless memories. #ParkPicnic #SeniorJoy ",1,Positive,134,"['hosted', 'a', 'picnic', 'in', 'the', 'park', 'basking', 'in', 'the', 'warmth', 'of', 'friendship', 'and', 'sunshine', 'simple', 'joys', 'timeless', 'memories', 'parkpicnic', 'seniorjoy']",hosted a picnic in the park basking in the warmth of friendship and sunshine simple joys timeless memories parkpicnic seniorjoy 
"Participated in a local theater production, proving that the stage belongs to every age. #TheaterProduction #SeniorActor ",1,Positive,121,"['participated', 'in', 'a', 'local', 'theater', 'production', 'proving', 'that', 'the', 'stage', 'belongs', 'to', 'every', 'age', 'theaterproduction', 'senioractor']",participated in a local theater production proving that the stage belongs to every age theaterproduction senioractor 
"Embarked on a hiking adventure, conquering trails and relishing the beauty of nature. Age is just a number on the mountaintop. #HikingAdventure #SeniorHiker ",1,Positive,157,"['embarked', 'on', 'a', 'hiking', 'adventure', 'conquering', 'trails', 'and', 'relishing', 'the', 'beauty', 'of', 'nature', 'age', 'is', 'just', 'a', 'number', 'on', 'the', 'mountaintop', 'hikingadventure', 'seniorhiker']",embarked on a hiking adventure conquering trails and relishing the beauty of nature age is just a number on the mountaintop hikingadventure seniorhiker 
Hosted a photography exhibition featuring snapshots of a life well-lived. Every photo has a story to tell. #PhotographyExhibition #SeniorPhotographer ,1,Positive,150,"['hosted', 'a', 'photography', 'exhibition', 'featuring', 'snapshots', 'of', 'a', 'life', 'welllived', 'every', 'photo', 'has', 'a', 'story', 'to', 'tell', 'photographyexhibition', 'seniorphotographer']",hosted a photography exhibition featuring snapshots of a life welllived every photo has a story to tell photographyexhibition seniorphotographer 
"Joined a seniors' cycling club, feeling the wind in my hair and the freedom of the open road. #CyclingClub #SeniorCyclist ",1,Positive,122,"['joined', 'a', 'seniors', 'cycling', 'club', 'feeling', 'the', 'wind', 'in', 'my', 'hair', 'and', 'the', 'freedom', 'of', 'the', 'open', 'road', 'cyclingclub', 'seniorcyclist']",joined a seniors cycling club feeling the wind in my hair and the freedom of the open road cyclingclub seniorcyclist 
"Attended a wine tasting event, savoring the richness of flavors that age like fine wine. Cheers to the golden years! #WineTasting #SeniorWineLover ",1,Positive,147,"['attended', 'a', 'wine', 'tasting', 'event', 'savoring', 'the', 'richness', 'of', 'flavors', 'that', 'age', 'like', 'fine', 'wine', 'cheers', 'to', 'the', 'golden', 'years', 'winetasting', 'seniorwinelover']",attended a wine tasting event savoring the richness of flavors that age like fine wine cheers to the golden years winetasting seniorwinelover 
"Started learning ballroom dancing, gliding gracefully across the dance floor. Ageless elegance in every step. #BallroomDancing #SeniorDancer ",1,Positive,141,"['started', 'learning', 'ballroom', 'dancing', 'gliding', 'gracefully', 'across', 'the', 'dance', 'floor', 'ageless', 'elegance', 'in', 'every', 'step', 'ballroomdancing', 'seniordancer']",started learning ballroom dancing gliding gracefully across the dance floor ageless elegance in every step ballroomdancing seniordancer 
"Organized a community painting event, turning blank canvases into a masterpiece of shared creativity. #PaintingEvent #SeniorArtist ",1,Positive,131,"['organized', 'a', 'community', 'painting', 'event', 'turning', 'blank', 'canvases', 'into', 'a', 'masterpiece', 'of', 'shared', 'creativity', 'paintingevent', 'seniorartist']",organized a community painting event turning blank canvases into a masterpiece of shared creativity paintingevent seniorartist 
"Hosted a 'memory lane' evening with old friends, reminiscing about the adventures that shaped our lives. #MemoryLane #SeniorReminiscing ",1,Positive,136,"['hosted', 'a', 'memory', 'lane', 'evening', 'with', 'old', 'friends', 'reminiscing', 'about', 'the', 'adventures', 'that', 'shaped', 'our', 'lives', 'memorylane', 'seniorreminiscing']",hosted a memory lane evening with old friends reminiscing about the adventures that shaped our lives memorylane seniorreminiscing 
"Joined a seniors' astronomy club, stargazing and finding wonder in the vastness of the cosmos. #AstronomyClub #SeniorStargazer ",1,Positive,127,"['joined', 'a', 'seniors', 'astronomy', 'club', 'stargazing', 'and', 'finding', 'wonder', 'in', 'the', 'vastness', 'of', 'the', 'cosmos', 'astronomyclub', 'seniorstargazer']",joined a seniors astronomy club stargazing and finding wonder in the vastness of the cosmos astronomyclub seniorstargazer 
"Attended a local jazz festival, tapping toes to the tunes that have stood the test of time. Music, a lifelong love affair. #JazzFestival #SeniorMusicLover ",1,Positive,155,"['attended', 'a', 'local', 'jazz', 'festival', 'tapping', 'toes', 'to', 'the', 'tunes', 'that', 'have', 'stood', 'the', 'test', 'of', 'time', 'music', 'a', 'lifelong', 'love', 'affair', 'jazzfestival', 'seniormusiclover']",attended a local jazz festival tapping toes to the tunes that have stood the test of time music a lifelong love affair jazzfestival seniormusiclover 
"Started a blog sharing the wisdom gained through the years, proving that every day is a chance to learn and grow. #SeniorWisdom #Blog ",1,Positive,134,"['started', 'a', 'blog', 'sharing', 'the', 'wisdom', 'gained', 'through', 'the', 'years', 'proving', 'that', 'every', 'day', 'is', 'a', 'chance', 'to', 'learn', 'and', 'grow', 'seniorwisdom', 'blog']",started a blog sharing the wisdom gained through the years proving that every day is a chance to learn and grow seniorwisdom blog 
"Participated in a charity run, proving that age is no barrier to supporting meaningful causes. #CharityRun #SeniorRunner ",1,Positive,121,"['participated', 'in', 'a', 'charity', 'run', 'proving', 'that', 'age', 'is', 'no', 'barrier', 'to', 'supporting', 'meaningful', 'causes', 'charityrun', 'seniorrunner']",participated in a charity run proving that age is no barrier to supporting meaningful causes charityrun seniorrunner 
"Survived a challenging physics exam. Equations, you won't defeat me! ",1,Positive,69,"['survived', 'a', 'challenging', 'physics', 'exam', 'equations', 'you', 'wont', 'defeat', 'me']",survived a challenging physics exam equations you wont defeat me 
Exploring the world of coding. Debugging is an adventure on its own! #CodingJourney #HighSchoolCoder ,1,Positive,101,"['exploring', 'the', 'world', 'of', 'coding', 'debugging', 'is', 'an', 'adventure', 'on', 'its', 'own', 'codingjourney', 'highschoolcoder']",exploring the world of coding debugging is an adventure on its own codingjourney highschoolcoder 
"Joined the school debate team. Words are my weapons, and I'm ready for battle! ",1,Positive,79,"['joined', 'the', 'school', 'debate', 'team', 'words', 'are', 'my', 'weapons', 'and', 'im', 'ready', 'for', 'battle']",joined the school debate team words are my weapons and im ready for battle 
"Started a photography club at school. Capturing moments, one snapshot at a time! ",1,Positive,81,"['started', 'a', 'photography', 'club', 'at', 'school', 'capturing', 'moments', 'one', 'snapshot', 'at', 'a', 'time']",started a photography club at school capturing moments one snapshot at a time 
"Daydreaming about the upcoming prom. The dress, the dance – it's a fairytale in the making! ",1,Positive,92,"['daydreaming', 'about', 'the', 'upcoming', 'prom', 'the', 'dress', 'the', 'dance', 'its', 'a', 'fairytale', 'in', 'the', 'making']",daydreaming about the upcoming prom the dress the dance  its a fairytale in the making 
Convinced the teacher to have class outdoors. Learning equations with a side of fresh air! ,1,Positive,91,"['convinced', 'the', 'teacher', 'to', 'have', 'class', 'outdoors', 'learning', 'equations', 'with', 'a', 'side', 'of', 'fresh', 'air']",convinced the teacher to have class outdoors learning equations with a side of fresh air 
Trying to master the perfect kickflip on my skateboard. Skating into the weekend like a pro! ,1,Positive,93,"['trying', 'to', 'master', 'the', 'perfect', 'kickflip', 'on', 'my', 'skateboard', 'skating', 'into', 'the', 'weekend', 'like', 'a', 'pro']",trying to master the perfect kickflip on my skateboard skating into the weekend like a pro 
Bonding with friends over the latest K-pop sensation. Fangirling at its finest! ,1,Positive,80,"['bonding', 'with', 'friends', 'over', 'the', 'latest', 'kpop', 'sensation', 'fangirling', 'at', 'its', 'finest']",bonding with friends over the latest kpop sensation fangirling at its finest 
Spent hours perfecting a chemistry experiment. Mixing potions like a wizard! ,1,Positive,77,"['spent', 'hours', 'perfecting', 'a', 'chemistry', 'experiment', 'mixing', 'potions', 'like', 'a', 'wizard']",spent hours perfecting a chemistry experiment mixing potions like a wizard 
Successfully organized a surprise birthday party for a friend. Party planning expert mode: Achieved! ,1,Positive,101,"['successfully', 'organized', 'a', 'surprise', 'birthday', 'party', 'for', 'a', 'friend', 'party', 'planning', 'expert', 'mode', 'achieved']",successfully organized a surprise birthday party for a friend party planning expert mode achieved 
"Joined the drama club to unleash my inner actor. Lights, camera, action! ",1,Positive,73,"['joined', 'the', 'drama', 'club', 'to', 'unleash', 'my', 'inner', 'actor', 'lights', 'camera', 'action']",joined the drama club to unleash my inner actor lights camera action 
Got my hands on the latest fantasy novel. Diving into realms of magic and adventure! ,1,Positive,85,"['got', 'my', 'hands', 'on', 'the', 'latest', 'fantasy', 'novel', 'diving', 'into', 'realms', 'of', 'magic', 'and', 'adventure']",got my hands on the latest fantasy novel diving into realms of magic and adventure 
Mastering the art of the perfect doodle during boring classes. Doodles: A+! ,1,Positive,76,"['mastering', 'the', 'art', 'of', 'the', 'perfect', 'doodle', 'during', 'boring', 'classes', 'doodles', 'a']",mastering the art of the perfect doodle during boring classes doodles a 
Attempting to break the school record for the longest handstand. Wish me luck! ,1,Positive,79,"['attempting', 'to', 'break', 'the', 'school', 'record', 'for', 'the', 'longest', 'handstand', 'wish', 'me', 'luck']",attempting to break the school record for the longest handstand wish me luck 
Hosting a sleepover with friends this weekend. Preparing for a night of laughter and memories! ,1,Positive,95,"['hosting', 'a', 'sleepover', 'with', 'friends', 'this', 'weekend', 'preparing', 'for', 'a', 'night', 'of', 'laughter', 'and', 'memories']",hosting a sleepover with friends this weekend preparing for a night of laughter and memories 
Mastered the art of creating paper airplanes during lecture. Paper planes: Soaring to new heights! ,1,Positive,99,"['mastered', 'the', 'art', 'of', 'creating', 'paper', 'airplanes', 'during', 'lecture', 'paper', 'planes', 'soaring', 'to', 'new', 'heights']",mastered the art of creating paper airplanes during lecture paper planes soaring to new heights 
Trying to set a new trend by juggling textbooks between classes. Academic juggling: A unique skill! ,1,Positive,100,"['trying', 'to', 'set', 'a', 'new', 'trend', 'by', 'juggling', 'textbooks', 'between', 'classes', 'academic', 'juggling', 'a', 'unique', 'skill']",trying to set a new trend by juggling textbooks between classes academic juggling a unique skill 
Planning a surprise scavenger hunt for friends. Anticipating the thrill and excitement! ,1,Positive,88,"['planning', 'a', 'surprise', 'scavenger', 'hunt', 'for', 'friends', 'anticipating', 'the', 'thrill', 'and', 'excitement']",planning a surprise scavenger hunt for friends anticipating the thrill and excitement 
Danced in the rain to celebrate the end of exams. Rain dance: Unexpectedly refreshing! ,1,Positive,87,"['danced', 'in', 'the', 'rain', 'to', 'celebrate', 'the', 'end', 'of', 'exams', 'rain', 'dance', 'unexpectedly', 'refreshing']",danced in the rain to celebrate the end of exams rain dance unexpectedly refreshing 
Perfecting the art of creating origami during a dull lecture. Origami mastery: A+! ,1,Positive,83,"['perfecting', 'the', 'art', 'of', 'creating', 'origami', 'during', 'a', 'dull', 'lecture', 'origami', 'mastery', 'a']",perfecting the art of creating origami during a dull lecture origami mastery a 
Attempting to set a new record for the most consecutive hacky sack kicks. Hacky sack skills: Unleashed! ,1,Positive,104,"['attempting', 'to', 'set', 'a', 'new', 'record', 'for', 'the', 'most', 'consecutive', 'hacky', 'sack', 'kicks', 'hacky', 'sack', 'skills', 'unleashed']",attempting to set a new record for the most consecutive hacky sack kicks hacky sack skills unleashed 
Creating a secret handshake with friends. Friendship level: Expert! ,1,Positive,68,"['creating', 'a', 'secret', 'handshake', 'with', 'friends', 'friendship', 'level', 'expert']",creating a secret handshake with friends friendship level expert 
Embarking on a mission to find the best burger joint in town. Burger connoisseur: Reporting for duty! ,1,Positive,102,"['embarking', 'on', 'a', 'mission', 'to', 'find', 'the', 'best', 'burger', 'joint', 'in', 'town', 'burger', 'connoisseur', 'reporting', 'for', 'duty']",embarking on a mission to find the best burger joint in town burger connoisseur reporting for duty 
Practicing a stand-up comedy routine for the upcoming talent show. Comedy gig: In the making! ,1,Positive,94,"['practicing', 'a', 'standup', 'comedy', 'routine', 'for', 'the', 'upcoming', 'talent', 'show', 'comedy', 'gig', 'in', 'the', 'making']",practicing a standup comedy routine for the upcoming talent show comedy gig in the making 
Attempting to impress the teacher with an elaborate science experiment. Science geek mode: Activated! ,1,Positive,102,"['attempting', 'to', 'impress', 'the', 'teacher', 'with', 'an', 'elaborate', 'science', 'experiment', 'science', 'geek', 'mode', 'activated']",attempting to impress the teacher with an elaborate science experiment science geek mode activated 
Crafting intricate friendship bracelets for the whole squad. Friendship level: Expert weaver! ,1,Positive,94,"['crafting', 'intricate', 'friendship', 'bracelets', 'for', 'the', 'whole', 'squad', 'friendship', 'level', 'expert', 'weaver']",crafting intricate friendship bracelets for the whole squad friendship level expert weaver 
Attempting to beat the record for the most consecutive cartwheels. Cartwheel challenge: Underway! ,1,Positive,98,"['attempting', 'to', 'beat', 'the', 'record', 'for', 'the', 'most', 'consecutive', 'cartwheels', 'cartwheel', 'challenge', 'underway']",attempting to beat the record for the most consecutive cartwheels cartwheel challenge underway 
Organizing a movie marathon with friends. Popcorn and cinematic adventures await! ,1,Positive,82,"['organizing', 'a', 'movie', 'marathon', 'with', 'friends', 'popcorn', 'and', 'cinematic', 'adventures', 'await']",organizing a movie marathon with friends popcorn and cinematic adventures await 
Experimenting with a new hair color. A bold change for a bold semester! ,1,Positive,72,"['experimenting', 'with', 'a', 'new', 'hair', 'color', 'a', 'bold', 'change', 'for', 'a', 'bold', 'semester']",experimenting with a new hair color a bold change for a bold semester 
Building a time capsule to capture memories for the future. Time-traveling emotions! ,1,Positive,85,"['building', 'a', 'time', 'capsule', 'to', 'capture', 'memories', 'for', 'the', 'future', 'timetraveling', 'emotions']",building a time capsule to capture memories for the future timetraveling emotions 
Trying out a new smoothie recipe for a healthy start to the week. Smoothie enthusiast: Level up! ,1,Positive,97,"['trying', 'out', 'a', 'new', 'smoothie', 'recipe', 'for', 'a', 'healthy', 'start', 'to', 'the', 'week', 'smoothie', 'enthusiast', 'level', 'up']",trying out a new smoothie recipe for a healthy start to the week smoothie enthusiast level up 
Reflecting on the challenges of the school year. Feeling a bit overwhelmed with assignments. ,0,Negative,93,"['reflecting', 'on', 'the', 'challenges', 'of', 'the', 'school', 'year', 'feeling', 'a', 'bit', 'overwhelmed', 'with', 'assignments']",reflecting on the challenges of the school year feeling a bit overwhelmed with assignments 
Encountered some mean-spirited comments online. Dealing with online hate is never easy. ,0,Negative,88,"['encountered', 'some', 'meanspirited', 'comments', 'online', 'dealing', 'with', 'online', 'hate', 'is', 'never', 'easy']",encountered some meanspirited comments online dealing with online hate is never easy 
Had a bad day at school. Everything seems to be going wrong. ,0,Negative,61,"['had', 'a', 'bad', 'day', 'at', 'school', 'everything', 'seems', 'to', 'be', 'going', 'wrong']",had a bad day at school everything seems to be going wrong 
Feeling down after not making the sports team. Disappointment lingers. ,0,Negative,71,"['feeling', 'down', 'after', 'not', 'making', 'the', 'sports', 'team', 'disappointment', 'lingers']",feeling down after not making the sports team disappointment lingers 
Witnessed a heated argument in the cafeteria. Unpleasant atmosphere at lunch. ,0,Negative,78,"['witnessed', 'a', 'heated', 'argument', 'in', 'the', 'cafeteria', 'unpleasant', 'atmosphere', 'at', 'lunch']",witnessed a heated argument in the cafeteria unpleasant atmosphere at lunch 
Received a not-so-great grade on a major project. Academic frustration setting in. ,0,Negative,83,"['received', 'a', 'notsogreat', 'grade', 'on', 'a', 'major', 'project', 'academic', 'frustration', 'setting', 'in']",received a notsogreat grade on a major project academic frustration setting in 
Dealing with a personal setback. Sometimes life throws unexpected challenges. ,0,Negative,78,"['dealing', 'with', 'a', 'personal', 'setback', 'sometimes', 'life', 'throws', 'unexpected', 'challenges']",dealing with a personal setback sometimes life throws unexpected challenges 
Feeling lonely on a Saturday night. Sometimes solitude hits harder than expected. ,0,Negative,82,"['feeling', 'lonely', 'on', 'a', 'saturday', 'night', 'sometimes', 'solitude', 'hits', 'harder', 'than', 'expected']",feeling lonely on a saturday night sometimes solitude hits harder than expected 
Experiencing cyberbullying. Hateful messages online are disheartening. ,0,Negative,71,"['experiencing', 'cyberbullying', 'hateful', 'messages', 'online', 'are', 'disheartening']",experiencing cyberbullying hateful messages online are disheartening 
Caught in a torrential rainstorm without an umbrella. Today's weather is just bad luck. ,0,Negative,88,"['caught', 'in', 'a', 'torrential', 'rainstorm', 'without', 'an', 'umbrella', 'todays', 'weather', 'is', 'just', 'bad', 'luck']",caught in a torrential rainstorm without an umbrella todays weather is just bad luck 
Missing an important event due to unforeseen circumstances. A day filled with sadness. ,0,Negative,87,"['missing', 'an', 'important', 'event', 'due', 'to', 'unforeseen', 'circumstances', 'a', 'day', 'filled', 'with', 'sadness']",missing an important event due to unforeseen circumstances a day filled with sadness 
Dealing with unfounded rumors circulating about personal life. Rumors can be hurtful. ,0,Negative,86,"['dealing', 'with', 'unfounded', 'rumors', 'circulating', 'about', 'personal', 'life', 'rumors', 'can', 'be', 'hurtful']",dealing with unfounded rumors circulating about personal life rumors can be hurtful 
Got a flat tire on the way to an important meeting. Talk about a series of bad events! ,0,Negative,87,"['got', 'a', 'flat', 'tire', 'on', 'the', 'way', 'to', 'an', 'important', 'meeting', 'talk', 'about', 'a', 'series', 'of', 'bad', 'events']",got a flat tire on the way to an important meeting talk about a series of bad events 
Feeling a sense of emptiness after a close friend moves away. Farewells are always sad. ,0,Negative,88,"['feeling', 'a', 'sense', 'of', 'emptiness', 'after', 'a', 'close', 'friend', 'moves', 'away', 'farewells', 'are', 'always', 'sad']",feeling a sense of emptiness after a close friend moves away farewells are always sad 
Facing rejection from a dream college. Disheartened but determined to explore other paths. ,0,Negative,91,"['facing', 'rejection', 'from', 'a', 'dream', 'college', 'disheartened', 'but', 'determined', 'to', 'explore', 'other', 'paths']",facing rejection from a dream college disheartened but determined to explore other paths 
Encountering online toxicity during a gaming session. Hateful comments can ruin the fun. ,0,Negative,89,"['encountering', 'online', 'toxicity', 'during', 'a', 'gaming', 'session', 'hateful', 'comments', 'can', 'ruin', 'the', 'fun']",encountering online toxicity during a gaming session hateful comments can ruin the fun 
Having a bad hair day and feeling self-conscious. Bad hair days can affect confidence. ,0,Negative,87,"['having', 'a', 'bad', 'hair', 'day', 'and', 'feeling', 'selfconscious', 'bad', 'hair', 'days', 'can', 'affect', 'confidence']",having a bad hair day and feeling selfconscious bad hair days can affect confidence 
Feeling a sense of despair after a major project failure. Hard work didn't pay off this time. ,0,Negative,94,"['feeling', 'a', 'sense', 'of', 'despair', 'after', 'a', 'major', 'project', 'failure', 'hard', 'work', 'didnt', 'pay', 'off', 'this', 'time']",feeling a sense of despair after a major project failure hard work didnt pay off this time 
Experiencing hate comments for expressing personal opinions. Online negativity prevails. ,0,Negative,89,"['experiencing', 'hate', 'comments', 'for', 'expressing', 'personal', 'opinions', 'online', 'negativity', 'prevails']",experiencing hate comments for expressing personal opinions online negativity prevails 
Having a string of bad luck with constant technology malfunctions. Tech troubles galore! ,0,Negative,89,"['having', 'a', 'string', 'of', 'bad', 'luck', 'with', 'constant', 'technology', 'malfunctions', 'tech', 'troubles', 'galore']",having a string of bad luck with constant technology malfunctions tech troubles galore 
Missing out on a long-anticipated event due to unexpected circumstances. A day filled with sadness. ,0,Negative,100,"['missing', 'out', 'on', 'a', 'longanticipated', 'event', 'due', 'to', 'unexpected', 'circumstances', 'a', 'day', 'filled', 'with', 'sadness']",missing out on a longanticipated event due to unexpected circumstances a day filled with sadness 
Celebrating a friend's birthday with a surprise party. Joyful moments and laughter all around! ,1,Positive,95,"['celebrating', 'a', 'friends', 'birthday', 'with', 'a', 'surprise', 'party', 'joyful', 'moments', 'and', 'laughter', 'all', 'around']",celebrating a friends birthday with a surprise party joyful moments and laughter all around 
Successfully completing a challenging coding project. Excitement for overcoming coding hurdles! ,1,Positive,96,"['successfully', 'completing', 'a', 'challenging', 'coding', 'project', 'excitement', 'for', 'overcoming', 'coding', 'hurdles']",successfully completing a challenging coding project excitement for overcoming coding hurdles 
Attending a school talent show to support classmates. Applauding the diverse talents on display! ,1,Positive,97,"['attending', 'a', 'school', 'talent', 'show', 'to', 'support', 'classmates', 'applauding', 'the', 'diverse', 'talents', 'on', 'display']",attending a school talent show to support classmates applauding the diverse talents on display 
"Exploring a new hiking trail with friends over the weekend. Nature, laughter, and good vibes! ",1,Positive,94,"['exploring', 'a', 'new', 'hiking', 'trail', 'with', 'friends', 'over', 'the', 'weekend', 'nature', 'laughter', 'and', 'good', 'vibes']",exploring a new hiking trail with friends over the weekend nature laughter and good vibes 
Winning a friendly sports competition against rival schools. Victory celebrations in full swing! ,1,Positive,97,"['winning', 'a', 'friendly', 'sports', 'competition', 'against', 'rival', 'schools', 'victory', 'celebrations', 'in', 'full', 'swing']",winning a friendly sports competition against rival schools victory celebrations in full swing 
Receiving a heartfelt letter from a pen pal in another country. Connecting across the globe! ,1,Positive,93,"['receiving', 'a', 'heartfelt', 'letter', 'from', 'a', 'pen', 'pal', 'in', 'another', 'country', 'connecting', 'across', 'the', 'globe']",receiving a heartfelt letter from a pen pal in another country connecting across the globe 
Creating a beautiful mural with fellow art enthusiasts. The power of collaboration and creativity! ,1,Positive,99,"['creating', 'a', 'beautiful', 'mural', 'with', 'fellow', 'art', 'enthusiasts', 'the', 'power', 'of', 'collaboration', 'and', 'creativity']",creating a beautiful mural with fellow art enthusiasts the power of collaboration and creativity 
Participating in a school-wide art exhibition. Witnessing creativity and spreading positive vibes! ,1,Positive,99,"['participating', 'in', 'a', 'schoolwide', 'art', 'exhibition', 'witnessing', 'creativity', 'and', 'spreading', 'positive', 'vibes']",participating in a schoolwide art exhibition witnessing creativity and spreading positive vibes 
Achieving a personal best in a track and field competition. The thrill of victory and self-improvement! ,1,Positive,104,"['achieving', 'a', 'personal', 'best', 'in', 'a', 'track', 'and', 'field', 'competition', 'the', 'thrill', 'of', 'victory', 'and', 'selfimprovement']",achieving a personal best in a track and field competition the thrill of victory and selfimprovement 
Collaborating on a science project that received recognition at a regional fair. Science triumphs and smiles! ,1,Positive,110,"['collaborating', 'on', 'a', 'science', 'project', 'that', 'received', 'recognition', 'at', 'a', 'regional', 'fair', 'science', 'triumphs', 'and', 'smiles']",collaborating on a science project that received recognition at a regional fair science triumphs and smiles 
"Attending a surprise birthday party organized by friends. Surrounded by love, laughter, and good company! ",1,Positive,106,"['attending', 'a', 'surprise', 'birthday', 'party', 'organized', 'by', 'friends', 'surrounded', 'by', 'love', 'laughter', 'and', 'good', 'company']",attending a surprise birthday party organized by friends surrounded by love laughter and good company 
Successfully fundraising for a school charity initiative. The joy of giving back to the community! ,1,Positive,99,"['successfully', 'fundraising', 'for', 'a', 'school', 'charity', 'initiative', 'the', 'joy', 'of', 'giving', 'back', 'to', 'the', 'community']",successfully fundraising for a school charity initiative the joy of giving back to the community 
"Participating in a multicultural festival, celebrating diversity with music, dance, and delicious food! ",1,Positive,104,"['participating', 'in', 'a', 'multicultural', 'festival', 'celebrating', 'diversity', 'with', 'music', 'dance', 'and', 'delicious', 'food']",participating in a multicultural festival celebrating diversity with music dance and delicious food 
"Organizing a virtual talent show during challenging times, bringing smiles to classmates' faces! ",1,Positive,97,"['organizing', 'a', 'virtual', 'talent', 'show', 'during', 'challenging', 'times', 'bringing', 'smiles', 'to', 'classmates', 'faces']",organizing a virtual talent show during challenging times bringing smiles to classmates faces 
